 SKU no. , Discount Band ,Units Sold, Manufacturing Price , Sale Price , Gross Sales , Discounts ,  Net Sales , COGS , Profit ,Date,Gross Profit Margin,Net Profit Margin,Segment,Extracted Number,Country,Last Letter,Product
TVG-3-V, None ,1618.5,3.0,20.0,32370.0,,32370.0,16185.0,16185.0,2020-01-01,50.0,50.0,Government,3,Canada,V,Volley Ballz
TVG-7-V, None ,1321.0,3.0,20.0,26420.0,,26420.0,13210.0,13210.0,2020-01-01,50.0,50.0,Government,7,Germany,V,Volley Ballz
TMM-6-V, None ,2178.0,3.0,15.0,32670.0,,32670.0,21780.0,10890.0,2020-06-01,33.33,33.33,Midmarket,6,France,V,Volley Ballz
TMM-7-V, None ,888.0,3.0,15.0,13320.0,,13320.0,8880.0,4440.0,2020-06-01,33.33,33.33,Midmarket,7,Germany,V,Volley Ballz
TMM-13-V, None ,2470.0,3.0,15.0,37050.0,,37050.0,24700.0,12350.0,2020-06-01,33.33,33.33,Midmarket,13,Mexico,V,Volley Ballz
TVG-7-V, None ,1513.0,3.0,350.0,529550.0,,529550.0,393380.0,136170.0,2020-12-01,25.71,25.71,Government,7,Germany,V,Volley Ballz
TMM-7-O, None ,921.0,5.0,15.0,13815.0,,13815.0,9210.0,4605.0,2020-03-01,33.33,33.33,Midmarket,7,Germany,O,Moth Ballz
PHC-3-O, None ,2518.0,5.0,12.0,30216.0,,30216.0,7554.0,22662.0,2020-06-01,75.0,75.0,Channel Partners,3,Canada,O,Moth Ballz
TVG-6-O, None ,1899.0,5.0,20.0,37980.0,,37980.0,18990.0,18990.0,2020-06-01,50.0,50.0,Government,6,France,O,Moth Ballz
PHC-7-O, None ,1545.0,5.0,12.0,18540.0,,18540.0,4635.0,13905.0,2020-06-01,75.0,75.0,Channel Partners,7,Germany,O,Moth Ballz
TMM-13-O, None ,2470.0,5.0,15.0,37050.0,,37050.0,24700.0,12350.0,2020-06-01,33.33,33.33,Midmarket,13,Mexico,O,Moth Ballz
PTE-3-O, None ,2665.5,5.0,125.0,333187.5,,333187.5,319860.0,13327.5,2020-07-01,4.0,4.0,Enterprise,3,Canada,O,Moth Ballz
SBS-13-O, None ,958.0,5.0,300.0,287400.0,,287400.0,239500.0,47900.0,2020-08-01,16.67,16.67,Small Business,13,Mexico,O,Moth Ballz
TVG-7-O, None ,2146.0,5.0,7.0,15022.0,,15022.0,10730.0,4292.0,2020-09-01,28.57,28.57,Government,7,Germany,O,Moth Ballz
PTE-3-O, None ,345.0,5.0,125.0,43125.0,,43125.0,41400.0,1725.0,2021-02-01,4.0,4.0,Enterprise,3,Canada,O,Moth Ballz
TMM-21-O, None ,615.0,5.0,15.0,9225.0,,9225.0,6150.0,3075.0,2020-12-01,33.33,33.33,Midmarket,21,United States of America,O,Moth Ballz
TVG-3-R, None ,292.0,10.0,20.0,5840.0,,5840.0,2920.0,2920.0,2020-02-01,50.0,50.0,Government,3,Canada,R,Rapsa Ballz
TMM-13-R, None ,974.0,10.0,15.0,14610.0,,14610.0,9740.0,4870.0,2020-02-01,33.33,33.33,Midmarket,13,Mexico,R,Rapsa Ballz
PHC-3-R, None ,2518.0,10.0,12.0,30216.0,,30216.0,7554.0,22662.0,2020-06-01,75.0,75.0,Channel Partners,3,Canada,R,Rapsa Ballz
TVG-7-R, None ,1006.0,10.0,350.0,352100.0,,352100.0,261560.0,90540.0,2020-06-01,25.71,25.71,Government,7,Germany,R,Rapsa Ballz
PHC-7-R, None ,367.0,10.0,12.0,4404.0,,4404.0,1101.0,3303.0,2020-07-01,75.0,75.0,Channel Partners,7,Germany,R,Rapsa Ballz
TVG-13-R, None ,883.0,10.0,7.0,6181.0,,6181.0,4415.0,1766.0,2020-08-01,28.57,28.57,Government,13,Mexico,R,Rapsa Ballz
TMM-6-R, None ,549.0,10.0,15.0,8235.0,,8235.0,5490.0,2745.0,2021-01-01,33.33,33.33,Midmarket,6,France,R,Rapsa Ballz
SBS-13-R, None ,788.0,10.0,300.0,236400.0,,236400.0,197000.0,39400.0,2021-01-01,16.67,16.67,Small Business,13,Mexico,R,Rapsa Ballz
TMM-13-R, None ,2472.0,10.0,15.0,37080.0,,37080.0,24720.0,12360.0,2020-09-01,33.33,33.33,Midmarket,13,Mexico,R,Rapsa Ballz
TVG-21-R, None ,1143.0,10.0,7.0,8001.0,,8001.0,5715.0,2286.0,2020-10-01,28.57,28.57,Government,21,United States of America,R,Rapsa Ballz
TVG-3-R, None ,1725.0,10.0,350.0,603750.0,,603750.0,448500.0,155250.0,2021-03-01,25.71,25.71,Government,3,Canada,R,Rapsa Ballz
PHC-21-R, None ,912.0,10.0,12.0,10944.0,,10944.0,2736.0,8208.0,2021-03-01,75.0,75.0,Channel Partners,21,United States of America,R,Rapsa Ballz
TMM-3-R, None ,2152.0,10.0,15.0,32280.0,,32280.0,21520.0,10760.0,2021-04-01,33.33,33.33,Midmarket,3,Canada,R,Rapsa Ballz
TVG-3-R, None ,1817.0,10.0,20.0,36340.0,,36340.0,18170.0,18170.0,2020-12-01,50.0,50.0,Government,3,Canada,R,Rapsa Ballz
TVG-7-R, None ,1513.0,10.0,350.0,529550.0,,529550.0,393380.0,136170.0,2020-12-01,25.71,25.71,Government,7,Germany,R,Rapsa Ballz
TVG-13-B, None ,1493.0,120.0,7.0,10451.0,,10451.0,7465.0,2986.0,2020-01-01,28.57,28.57,Government,13,Mexico,B,Basket Ballz
PTE-6-B, None ,1804.0,120.0,125.0,225500.0,,225500.0,216480.0,9020.0,2020-02-01,4.0,4.0,Enterprise,6,France,B,Basket Ballz
PHC-7-B, None ,2161.0,120.0,12.0,25932.0,,25932.0,6483.0,19449.0,2020-03-01,75.0,75.0,Channel Partners,7,Germany,B,Basket Ballz
TVG-7-B, None ,1006.0,120.0,350.0,352100.0,,352100.0,261560.0,90540.0,2020-06-01,25.71,25.71,Government,7,Germany,B,Basket Ballz
PHC-7-B, None ,1545.0,120.0,12.0,18540.0,,18540.0,4635.0,13905.0,2020-06-01,75.0,75.0,Channel Partners,7,Germany,B,Basket Ballz
PTE-21-B, None ,2821.0,120.0,125.0,352625.0,,352625.0,338520.0,14105.0,2020-08-01,4.0,4.0,Enterprise,21,United States of America,B,Basket Ballz
PTE-3-B, None ,345.0,120.0,125.0,43125.0,,43125.0,41400.0,1725.0,2021-02-01,4.0,4.0,Enterprise,3,Canada,B,Basket Ballz
SBS-3-E, None ,2001.0,250.0,300.0,600300.0,,600300.0,500250.0,100050.0,2020-02-01,16.67,16.67,Small Business,3,Canada,E,Meat Ballz
PHC-7-E, None ,2838.0,250.0,12.0,34056.0,,34056.0,8514.0,25542.0,2020-04-01,75.0,75.0,Channel Partners,7,Germany,E,Meat Ballz
TMM-6-E, None ,2178.0,250.0,15.0,32670.0,,32670.0,21780.0,10890.0,2020-06-01,33.33,33.33,Midmarket,6,France,E,Meat Ballz
TMM-7-E, None ,888.0,250.0,15.0,13320.0,,13320.0,8880.0,4440.0,2020-06-01,33.33,33.33,Midmarket,7,Germany,E,Meat Ballz
TVG-6-E, None ,1527.0,250.0,350.0,534450.0,,534450.0,397020.0,137430.0,2021-01-01,25.71,25.71,Government,6,France,E,Meat Ballz
SBS-6-E, None ,2151.0,250.0,300.0,645300.0,,645300.0,537750.0,107550.0,2020-09-01,16.67,16.67,Small Business,6,France,E,Meat Ballz
TVG-3-E, None ,1817.0,250.0,20.0,36340.0,,36340.0,18170.0,18170.0,2020-12-01,50.0,50.0,Government,3,Canada,E,Meat Ballz
TVG-6-C, None ,2750.0,260.0,350.0,962500.0,,962500.0,715000.0,247500.0,2020-02-01,25.71,25.71,Government,6,France,C,Cotton Ballz
PHC-21-C, None ,1953.0,260.0,12.0,23436.0,,23436.0,5859.0,17577.0,2020-04-01,75.0,75.0,Channel Partners,21,United States of America,C,Cotton Ballz
PTE-7-C, None ,4219.5,260.0,125.0,527437.5,,527437.5,506340.0,21097.5,2020-04-01,4.0,4.0,Enterprise,7,Germany,C,Cotton Ballz
TVG-6-C, None ,1899.0,260.0,20.0,37980.0,,37980.0,18990.0,18990.0,2020-06-01,50.0,50.0,Government,6,France,C,Cotton Ballz
TVG-7-C, None ,1686.0,260.0,7.0,11802.0,,11802.0,8430.0,3372.0,2020-07-01,28.57,28.57,Government,7,Germany,C,Cotton Ballz
PHC-21-C, None ,2141.0,260.0,12.0,25692.0,,25692.0,6423.0,19269.0,2020-08-01,75.0,75.0,Channel Partners,21,United States of America,C,Cotton Ballz
TVG-21-C, None ,1143.0,260.0,7.0,8001.0,,8001.0,5715.0,2286.0,2020-10-01,28.57,28.57,Government,21,United States of America,C,Cotton Ballz
TMM-21-C, None ,615.0,260.0,15.0,9225.0,,9225.0,6150.0,3075.0,2020-12-01,33.33,33.33,Midmarket,21,United States of America,C,Cotton Ballz
TVG-6-R, Low ,3945.0,10.0,7.0,27615.0,276.15,27338.85,19725.0,7613.85,2020-01-01,27.57,27.85,Government,6,France,R,Rapsa Ballz
TMM-6-R, Low ,2296.0,10.0,15.0,34440.0,344.4,34095.6,22960.0,11135.6,2020-02-01,32.33,32.66,Midmarket,6,France,R,Rapsa Ballz
TVG-6-R, Low ,1030.0,10.0,7.0,7210.0,72.1,7137.9,5150.0,1987.9,2020-05-01,27.57,27.85,Government,6,France,R,Rapsa Ballz
TVG-6-B, Low ,639.0,120.0,7.0,4473.0,44.73,4428.27,3195.0,1233.27,2020-11-01,27.57,27.85,Government,6,France,B,Basket Ballz
TVG-3-E, Low ,1326.0,250.0,7.0,9282.0,92.82,9189.18,6630.0,2559.18,2020-03-01,27.57,27.85,Government,3,Canada,E,Meat Ballz
PHC-21-V, Low ,1858.0,3.0,12.0,22296.0,222.96,22073.04,5574.0,16499.04,2020-02-01,74.0,74.75,Channel Partners,21,United States of America,V,Volley Ballz
TVG-13-V, Low ,1210.0,3.0,350.0,423500.0,4235.0,419265.0,314600.0,104665.0,2020-03-01,24.71,24.96,Government,13,Mexico,V,Volley Ballz
TVG-21-V, Low ,2529.0,3.0,7.0,17703.0,177.03,17525.97,12645.0,4880.97,2020-07-01,27.57,27.85,Government,21,United States of America,V,Volley Ballz
PHC-3-V, Low ,1445.0,3.0,12.0,17340.0,173.4,17166.6,4335.0,12831.6,2020-09-01,74.0,74.75,Channel Partners,3,Canada,V,Volley Ballz
PTE-21-V, Low ,330.0,3.0,125.0,41250.0,412.5,40837.5,39600.0,1237.5,2021-01-01,3.0,3.03,Enterprise,21,United States of America,V,Volley Ballz
PHC-6-V, Low ,2671.0,3.0,12.0,32052.0,320.52,31731.48,8013.0,23718.48,2020-09-01,74.0,74.75,Channel Partners,6,France,V,Volley Ballz
PHC-7-V, Low ,766.0,3.0,12.0,9192.0,91.92,9100.08,2298.0,6802.08,2021-02-01,74.0,74.75,Channel Partners,7,Germany,V,Volley Ballz
SBS-13-V, Low ,494.0,3.0,300.0,148200.0,1482.0,146718.0,123500.0,23218.0,2021-02-01,15.67,15.82,Small Business,13,Mexico,V,Volley Ballz
TVG-13-V, Low ,1397.0,3.0,350.0,488950.0,4889.5,484060.5,363220.0,120840.5,2020-10-01,24.71,24.96,Government,13,Mexico,V,Volley Ballz
TVG-6-V, Low ,2155.0,3.0,350.0,754250.0,7542.5,746707.5,560300.0,186407.5,2020-12-01,24.71,24.96,Government,6,France,V,Volley Ballz
TMM-13-O, Low ,2214.0,5.0,15.0,33210.0,332.1,32877.9,22140.0,10737.9,2020-03-01,32.33,32.66,Midmarket,13,Mexico,O,Moth Ballz
SBS-21-O, Low ,2301.0,5.0,300.0,690300.0,6903.0,683397.0,575250.0,108147.0,2020-04-01,15.67,15.82,Small Business,21,United States of America,O,Moth Ballz
TVG-6-O, Low ,1375.5,5.0,20.0,27510.0,275.1,27234.9,13755.0,13479.9,2020-07-01,49.0,49.49,Government,6,France,O,Moth Ballz
TVG-3-O, Low ,1830.0,5.0,7.0,12810.0,128.1,12681.9,9150.0,3531.9,2020-08-01,27.57,27.85,Government,3,Canada,O,Moth Ballz
SBS-21-O, Low ,2498.0,5.0,300.0,749400.0,7494.0,741906.0,624500.0,117406.0,2021-01-01,15.67,15.82,Small Business,21,United States of America,O,Moth Ballz
PTE-21-O, Low ,663.0,5.0,125.0,82875.0,828.75,82046.25,79560.0,2486.25,2021-02-01,3.0,3.03,Enterprise,21,United States of America,O,Moth Ballz
TMM-21-R, Low ,1514.0,10.0,15.0,22710.0,227.1,22482.9,15140.0,7342.9,2020-02-01,32.33,32.66,Midmarket,21,United States of America,R,Rapsa Ballz
TVG-21-R, Low ,4492.5,10.0,7.0,31447.5,314.48,31133.03,22462.5,8670.53,2020-04-01,27.57,27.85,Government,21,United States of America,R,Rapsa Ballz
PTE-21-R, Low ,727.0,10.0,125.0,90875.0,908.75,89966.25,87240.0,2726.25,2020-06-01,3.0,3.03,Enterprise,21,United States of America,R,Rapsa Ballz
PTE-6-R, Low ,787.0,10.0,125.0,98375.0,983.75,97391.25,94440.0,2951.25,2020-06-01,3.0,3.03,Enterprise,6,France,R,Rapsa Ballz
PTE-13-R, Low ,1823.0,10.0,125.0,227875.0,2278.75,225596.25,218760.0,6836.25,2020-07-01,3.0,3.03,Enterprise,13,Mexico,R,Rapsa Ballz
TMM-7-R, Low ,747.0,10.0,15.0,11205.0,112.05,11092.95,7470.0,3622.95,2020-09-01,32.33,32.66,Midmarket,7,Germany,R,Rapsa Ballz
PHC-7-R, Low ,766.0,10.0,12.0,9192.0,91.92,9100.08,2298.0,6802.08,2021-02-01,74.0,74.75,Channel Partners,7,Germany,R,Rapsa Ballz
SBS-21-R, Low ,2905.0,10.0,300.0,871500.0,8715.0,862785.0,726250.0,136535.0,2020-11-01,15.67,15.82,Small Business,21,United States of America,R,Rapsa Ballz
TVG-6-R, Low ,2155.0,10.0,350.0,754250.0,7542.5,746707.5,560300.0,186407.5,2020-12-01,24.71,24.96,Government,6,France,R,Rapsa Ballz
TVG-6-B, Low ,3864.0,120.0,20.0,77280.0,772.8,76507.2,38640.0,37867.2,2020-04-01,49.0,49.49,Government,6,France,B,Basket Ballz
TVG-13-B, Low ,362.0,120.0,7.0,2534.0,25.34,2508.66,1810.0,698.66,2020-05-01,27.57,27.85,Government,13,Mexico,B,Basket Ballz
PTE-3-B, Low ,923.0,120.0,125.0,115375.0,1153.75,114221.25,110760.0,3461.25,2020-08-01,3.0,3.03,Enterprise,3,Canada,B,Basket Ballz
PTE-21-B, Low ,663.0,120.0,125.0,82875.0,828.75,82046.25,79560.0,2486.25,2021-02-01,3.0,3.03,Enterprise,21,United States of America,B,Basket Ballz
TVG-3-B, Low ,2092.0,120.0,7.0,14644.0,146.44,14497.56,10460.0,4037.56,2021-03-01,27.57,27.85,Government,3,Canada,B,Basket Ballz
TVG-7-E, Low ,263.0,250.0,7.0,1841.0,18.41,1822.59,1315.0,507.59,2020-03-01,27.57,27.85,Government,7,Germany,E,Meat Ballz
TVG-3-E, Low ,943.5,250.0,350.0,330225.0,3302.25,326922.75,245310.0,81612.75,2020-04-01,24.71,24.96,Government,3,Canada,E,Meat Ballz
PTE-21-E, Low ,727.0,250.0,125.0,90875.0,908.75,89966.25,87240.0,2726.25,2020-06-01,3.0,3.03,Enterprise,21,United States of America,E,Meat Ballz
PTE-6-E, Low ,787.0,250.0,125.0,98375.0,983.75,97391.25,94440.0,2951.25,2020-06-01,3.0,3.03,Enterprise,6,France,E,Meat Ballz
SBS-7-E, Low ,986.0,250.0,300.0,295800.0,2958.0,292842.0,246500.0,46342.0,2020-09-01,15.67,15.82,Small Business,7,Germany,E,Meat Ballz
SBS-13-E, Low ,494.0,250.0,300.0,148200.0,1482.0,146718.0,123500.0,23218.0,2021-02-01,15.67,15.82,Small Business,13,Mexico,E,Meat Ballz
TVG-13-E, Low ,1397.0,250.0,350.0,488950.0,4889.5,484060.5,363220.0,120840.5,2020-10-01,24.71,24.96,Government,13,Mexico,E,Meat Ballz
PTE-6-E, Low ,1744.0,250.0,125.0,218000.0,2180.0,215820.0,209280.0,6540.0,2020-11-01,3.0,3.03,Enterprise,6,France,E,Meat Ballz
PHC-21-C, Low ,1989.0,260.0,12.0,23868.0,238.68,23629.32,5967.0,17662.32,2021-01-01,74.0,74.75,Channel Partners,21,United States of America,C,Cotton Ballz
TMM-6-C, Low ,321.0,260.0,15.0,4815.0,48.15,4766.85,3210.0,1556.85,2021-03-01,32.33,32.66,Midmarket,6,France,C,Cotton Ballz
PTE-3-V, Low ,742.5,3.0,125.0,92812.5,1856.25,90956.25,89100.0,1856.25,2020-04-01,2.0,2.04,Enterprise,3,Canada,V,Volley Ballz
PHC-3-V, Low ,1295.0,3.0,12.0,15540.0,310.8,15229.2,3885.0,11344.2,2020-10-01,73.0,74.49,Channel Partners,3,Canada,V,Volley Ballz
SBS-7-V, Low ,214.0,3.0,300.0,64200.0,1284.0,62916.0,53500.0,9416.0,2021-02-01,14.67,14.97,Small Business,7,Germany,V,Volley Ballz
TVG-6-V, Low ,2145.0,3.0,7.0,15015.0,300.3,14714.7,10725.0,3989.7,2021-03-01,26.57,27.11,Government,6,France,V,Volley Ballz
TVG-3-V, Low ,2852.0,3.0,350.0,998200.0,19964.0,978236.0,741520.0,236716.0,2020-12-01,23.71,24.2,Government,3,Canada,V,Volley Ballz
PHC-21-O, Low ,1142.0,5.0,12.0,13704.0,274.08,13429.92,3426.0,10003.92,2020-06-01,73.0,74.49,Channel Partners,21,United States of America,O,Moth Ballz
TVG-21-O, Low ,1566.0,5.0,20.0,31320.0,626.4,30693.6,15660.0,15033.6,2020-10-01,48.0,48.98,Government,21,United States of America,O,Moth Ballz
PHC-13-O, Low ,690.0,5.0,12.0,8280.0,165.6,8114.4,2070.0,6044.4,2020-11-01,73.0,74.49,Channel Partners,13,Mexico,O,Moth Ballz
PTE-13-O, Low ,1660.0,5.0,125.0,207500.0,4150.0,203350.0,199200.0,4150.0,2021-03-01,2.0,2.04,Enterprise,13,Mexico,O,Moth Ballz
TMM-3-R, Low ,2363.0,10.0,15.0,35445.0,708.9,34736.1,23630.0,11106.1,2020-02-01,31.33,31.97,Midmarket,3,Canada,R,Rapsa Ballz
SBS-6-R, Low ,918.0,10.0,300.0,275400.0,5508.0,269892.0,229500.0,40392.0,2020-05-01,14.67,14.97,Small Business,6,France,R,Rapsa Ballz
SBS-7-R, Low ,1728.0,10.0,300.0,518400.0,10368.0,508032.0,432000.0,76032.0,2020-05-01,14.67,14.97,Small Business,7,Germany,R,Rapsa Ballz
PHC-21-R, Low ,1142.0,10.0,12.0,13704.0,274.08,13429.92,3426.0,10003.92,2020-06-01,73.0,74.49,Channel Partners,21,United States of America,R,Rapsa Ballz
PTE-13-R, Low ,662.0,10.0,125.0,82750.0,1655.0,81095.0,79440.0,1655.0,2020-06-01,2.0,2.04,Enterprise,13,Mexico,R,Rapsa Ballz
PHC-3-R, Low ,1295.0,10.0,12.0,15540.0,310.8,15229.2,3885.0,11344.2,2020-10-01,73.0,74.49,Channel Partners,3,Canada,R,Rapsa Ballz
PTE-7-R, Low ,809.0,10.0,125.0,101125.0,2022.5,99102.5,97080.0,2022.5,2021-02-01,2.0,2.04,Enterprise,7,Germany,R,Rapsa Ballz
PTE-13-R, Low ,2145.0,10.0,125.0,268125.0,5362.5,262762.5,257400.0,5362.5,2021-02-01,2.0,2.04,Enterprise,13,Mexico,R,Rapsa Ballz
PHC-6-R, Low ,1785.0,10.0,12.0,21420.0,428.4,20991.6,5355.0,15636.6,2021-03-01,73.0,74.49,Channel Partners,6,France,R,Rapsa Ballz
SBS-3-R, Low ,1916.0,10.0,300.0,574800.0,11496.0,563304.0,479000.0,84304.0,2020-12-01,14.67,14.97,Small Business,3,Canada,R,Rapsa Ballz
TVG-3-R, Low ,2852.0,10.0,350.0,998200.0,19964.0,978236.0,741520.0,236716.0,2020-12-01,23.71,24.2,Government,3,Canada,R,Rapsa Ballz
PTE-3-R, Low ,2729.0,10.0,125.0,341125.0,6822.5,334302.5,327480.0,6822.5,2020-12-01,2.0,2.04,Enterprise,3,Canada,R,Rapsa Ballz
TMM-21-R, Low ,1925.0,10.0,15.0,28875.0,577.5,28297.5,19250.0,9047.5,2021-04-01,31.33,31.97,Midmarket,21,United States of America,R,Rapsa Ballz
TVG-21-R, Low ,2013.0,10.0,7.0,14091.0,281.82,13809.18,10065.0,3744.18,2021-04-01,26.57,27.11,Government,21,United States of America,R,Rapsa Ballz
PHC-6-R, Low ,1055.0,10.0,12.0,12660.0,253.2,12406.8,3165.0,9241.8,2020-12-01,73.0,74.49,Channel Partners,6,France,R,Rapsa Ballz
PHC-13-R, Low ,1084.0,10.0,12.0,13008.0,260.16,12747.84,3252.0,9495.84,2020-12-01,73.0,74.49,Channel Partners,13,Mexico,R,Rapsa Ballz
TVG-21-B, Low ,1566.0,120.0,20.0,31320.0,626.4,30693.6,15660.0,15033.6,2020-10-01,48.0,48.98,Government,21,United States of America,B,Basket Ballz
TVG-7-B, Low ,2966.0,120.0,350.0,1038100.0,20762.0,1017338.0,771160.0,246178.0,2021-02-01,23.71,24.2,Government,7,Germany,B,Basket Ballz
TVG-7-B, Low ,2877.0,120.0,350.0,1006950.0,20139.0,986811.0,748020.0,238791.0,2020-10-01,23.71,24.2,Government,7,Germany,B,Basket Ballz
PTE-7-B, Low ,809.0,120.0,125.0,101125.0,2022.5,99102.5,97080.0,2022.5,2021-02-01,2.0,2.04,Enterprise,7,Germany,B,Basket Ballz
PTE-13-B, Low ,2145.0,120.0,125.0,268125.0,5362.5,262762.5,257400.0,5362.5,2021-02-01,2.0,2.04,Enterprise,13,Mexico,B,Basket Ballz
PHC-6-B, Low ,1055.0,120.0,12.0,12660.0,253.2,12406.8,3165.0,9241.8,2020-12-01,73.0,74.49,Channel Partners,6,France,B,Basket Ballz
TVG-13-B, Low ,544.0,120.0,20.0,10880.0,217.6,10662.4,5440.0,5222.4,2021-04-01,48.0,48.98,Government,13,Mexico,B,Basket Ballz
PHC-13-B, Low ,1084.0,120.0,12.0,13008.0,260.16,12747.84,3252.0,9495.84,2020-12-01,73.0,74.49,Channel Partners,13,Mexico,B,Basket Ballz
PTE-13-E, Low ,662.0,250.0,125.0,82750.0,1655.0,81095.0,79440.0,1655.0,2020-06-01,2.0,2.04,Enterprise,13,Mexico,E,Meat Ballz
SBS-7-E, Low ,214.0,250.0,300.0,64200.0,1284.0,62916.0,53500.0,9416.0,2021-02-01,14.67,14.97,Small Business,7,Germany,E,Meat Ballz
TVG-7-E, Low ,2877.0,250.0,350.0,1006950.0,20139.0,986811.0,748020.0,238791.0,2020-10-01,23.71,24.2,Government,7,Germany,E,Meat Ballz
PTE-3-E, Low ,2729.0,250.0,125.0,341125.0,6822.5,334302.5,327480.0,6822.5,2020-12-01,2.0,2.04,Enterprise,3,Canada,E,Meat Ballz
TVG-21-E, Low ,266.0,250.0,350.0,93100.0,1862.0,91238.0,69160.0,22078.0,2021-04-01,23.71,24.2,Government,21,United States of America,E,Meat Ballz
TVG-13-E, Low ,1940.0,250.0,350.0,679000.0,13580.0,665420.0,504400.0,161020.0,2021-04-01,23.71,24.2,Government,13,Mexico,E,Meat Ballz
SBS-7-C, Low ,259.0,260.0,300.0,77700.0,1554.0,76146.0,64750.0,11396.0,2020-03-01,14.67,14.97,Small Business,7,Germany,C,Cotton Ballz
SBS-13-C, Low ,1101.0,260.0,300.0,330300.0,6606.0,323694.0,275250.0,48444.0,2020-03-01,14.67,14.97,Small Business,13,Mexico,C,Cotton Ballz
PTE-7-C, Low ,2276.0,260.0,125.0,284500.0,5690.0,278810.0,273120.0,5690.0,2020-05-01,2.0,2.04,Enterprise,7,Germany,C,Cotton Ballz
TVG-7-C, Low ,2966.0,260.0,350.0,1038100.0,20762.0,1017338.0,771160.0,246178.0,2021-02-01,23.71,24.2,Government,7,Germany,C,Cotton Ballz
TVG-21-C, Low ,1236.0,260.0,20.0,24720.0,494.4,24225.6,12360.0,11865.6,2020-11-01,48.0,48.98,Government,21,United States of America,C,Cotton Ballz
TVG-6-C, Low ,941.0,260.0,20.0,18820.0,376.4,18443.6,9410.0,9033.6,2020-11-01,48.0,48.98,Government,6,France,C,Cotton Ballz
SBS-3-C, Low ,1916.0,260.0,300.0,574800.0,11496.0,563304.0,479000.0,84304.0,2020-12-01,14.67,14.97,Small Business,3,Canada,C,Cotton Ballz
PTE-6-V, Low ,4243.5,3.0,125.0,530437.5,15913.13,514524.38,509220.0,5304.38,2020-04-01,1.0,1.03,Enterprise,6,France,V,Volley Ballz
TVG-7-V, Low ,2580.0,3.0,20.0,51600.0,1548.0,50052.0,25800.0,24252.0,2020-04-01,47.0,48.45,Government,7,Germany,V,Volley Ballz
SBS-7-V, Low ,689.0,3.0,300.0,206700.0,6201.0,200499.0,172250.0,28249.0,2020-06-01,13.67,14.09,Small Business,7,Germany,V,Volley Ballz
PHC-21-V, Low ,1947.0,3.0,12.0,23364.0,700.92,22663.08,5841.0,16822.08,2020-09-01,72.0,74.23,Channel Partners,21,United States of America,V,Volley Ballz
PHC-3-V, Low ,908.0,3.0,12.0,10896.0,326.88,10569.12,2724.0,7845.12,2021-04-01,72.0,74.23,Channel Partners,3,Canada,V,Volley Ballz
TVG-7-O, Low ,1958.0,5.0,7.0,13706.0,411.18,13294.82,9790.0,3504.82,2020-02-01,25.57,26.36,Government,7,Germany,O,Moth Ballz
PHC-6-O, Low ,1901.0,5.0,12.0,22812.0,684.36,22127.64,5703.0,16424.64,2020-06-01,72.0,74.23,Channel Partners,6,France,O,Moth Ballz
TVG-6-O, Low ,544.0,5.0,7.0,3808.0,114.24,3693.76,2720.0,973.76,2020-09-01,25.57,26.36,Government,6,France,O,Moth Ballz
TVG-7-O, Low ,1797.0,5.0,350.0,628950.0,18868.5,610081.5,467220.0,142861.5,2021-01-01,22.71,23.42,Government,7,Germany,O,Moth Ballz
PTE-6-O, Low ,1287.0,5.0,125.0,160875.0,4826.25,156048.75,154440.0,1608.75,2020-12-01,1.0,1.03,Enterprise,6,France,O,Moth Ballz
PTE-7-O, Low ,1706.0,5.0,125.0,213250.0,6397.5,206852.5,204720.0,2132.5,2020-12-01,1.0,1.03,Enterprise,7,Germany,O,Moth Ballz
SBS-6-R, Low ,2434.5,10.0,300.0,730350.0,21910.5,708439.5,608625.0,99814.5,2020-01-01,13.67,14.09,Small Business,6,France,R,Rapsa Ballz
PTE-3-R, Low ,1774.0,10.0,125.0,221750.0,6652.5,215097.5,212880.0,2217.5,2020-03-01,1.0,1.03,Enterprise,3,Canada,R,Rapsa Ballz
PHC-6-R, Low ,1901.0,10.0,12.0,22812.0,684.36,22127.64,5703.0,16424.64,2020-06-01,72.0,74.23,Channel Partners,6,France,R,Rapsa Ballz
SBS-7-R, Low ,689.0,10.0,300.0,206700.0,6201.0,200499.0,172250.0,28249.0,2020-06-01,13.67,14.09,Small Business,7,Germany,R,Rapsa Ballz
PTE-7-R, Low ,1570.0,10.0,125.0,196250.0,5887.5,190362.5,188400.0,1962.5,2020-06-01,1.0,1.03,Enterprise,7,Germany,R,Rapsa Ballz
PHC-21-R, Low ,1369.5,10.0,12.0,16434.0,493.02,15940.98,4108.5,11832.48,2020-07-01,72.0,74.23,Channel Partners,21,United States of America,R,Rapsa Ballz
PTE-3-R, Low ,2009.0,10.0,125.0,251125.0,7533.75,243591.25,241080.0,2511.25,2020-10-01,1.0,1.03,Enterprise,3,Canada,R,Rapsa Ballz
TMM-7-R, Low ,1945.0,10.0,15.0,29175.0,875.25,28299.75,19450.0,8849.75,2021-02-01,30.33,31.27,Midmarket,7,Germany,R,Rapsa Ballz
PTE-6-R, Low ,1287.0,10.0,125.0,160875.0,4826.25,156048.75,154440.0,1608.75,2020-12-01,1.0,1.03,Enterprise,6,France,R,Rapsa Ballz
PTE-7-R, Low ,1706.0,10.0,125.0,213250.0,6397.5,206852.5,204720.0,2132.5,2020-12-01,1.0,1.03,Enterprise,7,Germany,R,Rapsa Ballz
PTE-3-B, Low ,2009.0,120.0,125.0,251125.0,7533.75,243591.25,241080.0,2511.25,2020-10-01,1.0,1.03,Enterprise,3,Canada,B,Basket Ballz
SBS-21-E, Low ,2844.0,250.0,300.0,853200.0,25596.0,827604.0,711000.0,116604.0,2020-02-01,13.67,14.09,Small Business,21,United States of America,E,Meat Ballz
PHC-13-E, Low ,1916.0,250.0,12.0,22992.0,689.76,22302.24,5748.0,16554.24,2020-04-01,72.0,74.23,Channel Partners,13,Mexico,E,Meat Ballz
PTE-7-E, Low ,1570.0,250.0,125.0,196250.0,5887.5,190362.5,188400.0,1962.5,2020-06-01,1.0,1.03,Enterprise,7,Germany,E,Meat Ballz
SBS-3-E, Low ,1874.0,250.0,300.0,562200.0,16866.0,545334.0,468500.0,76834.0,2020-08-01,13.67,14.09,Small Business,3,Canada,E,Meat Ballz
TVG-13-E, Low ,1642.0,250.0,350.0,574700.0,17241.0,557459.0,426920.0,130539.0,2020-08-01,22.71,23.42,Government,13,Mexico,E,Meat Ballz
TMM-7-E, Low ,1945.0,250.0,15.0,29175.0,875.25,28299.75,19450.0,8849.75,2021-02-01,30.33,31.27,Midmarket,7,Germany,E,Meat Ballz
TVG-3-V, Low ,831.0,3.0,20.0,16620.0,498.6,16121.4,8310.0,7811.4,2020-05-01,47.0,48.45,Government,3,Canada,V,Volley Ballz
TVG-13-R, Low ,1760.0,10.0,7.0,12320.0,369.6,11950.4,8800.0,3150.4,2021-01-01,25.57,26.36,Government,13,Mexico,R,Rapsa Ballz
TVG-3-B, Low ,3850.5,120.0,20.0,77010.0,2310.3,74699.7,38505.0,36194.7,2020-04-01,47.0,48.45,Government,3,Canada,B,Basket Ballz
PHC-7-E, Low ,2479.0,250.0,12.0,29748.0,892.44,28855.56,7437.0,21418.56,2020-01-01,72.0,74.23,Channel Partners,7,Germany,E,Meat Ballz
TMM-13-O, Low ,2031.0,5.0,15.0,30465.0,1218.6,29246.4,20310.0,8936.4,2020-10-01,29.33,30.56,Midmarket,13,Mexico,O,Moth Ballz
TMM-13-R, Low ,2031.0,10.0,15.0,30465.0,1218.6,29246.4,20310.0,8936.4,2020-10-01,29.33,30.56,Midmarket,13,Mexico,R,Rapsa Ballz
TMM-6-R, Low ,2261.0,10.0,15.0,33915.0,1356.6,32558.4,22610.0,9948.4,2021-04-01,29.33,30.56,Midmarket,6,France,R,Rapsa Ballz
TVG-21-B, Low ,736.0,120.0,20.0,14720.0,588.8,14131.2,7360.0,6771.2,2021-01-01,46.0,47.92,Government,21,United States of America,B,Basket Ballz
TVG-3-V, Low ,2851.0,3.0,7.0,19957.0,798.28,19158.72,14255.0,4903.72,2021-02-01,24.57,25.6,Government,3,Canada,V,Volley Ballz
SBS-7-V, Low ,2021.0,3.0,300.0,606300.0,24252.0,582048.0,505250.0,76798.0,2020-10-01,12.67,13.19,Small Business,7,Germany,V,Volley Ballz
TVG-21-V, Low ,274.0,3.0,350.0,95900.0,3836.0,92064.0,71240.0,20824.0,2020-12-01,21.71,22.62,Government,21,United States of America,V,Volley Ballz
TMM-3-O, Low ,1967.0,5.0,15.0,29505.0,1180.2,28324.8,19670.0,8654.8,2020-03-01,29.33,30.56,Midmarket,3,Canada,O,Moth Ballz
SBS-7-O, Low ,1859.0,5.0,300.0,557700.0,22308.0,535392.0,464750.0,70642.0,2020-08-01,12.67,13.19,Small Business,7,Germany,O,Moth Ballz
TVG-3-O, Low ,2851.0,5.0,7.0,19957.0,798.28,19158.72,14255.0,4903.72,2021-02-01,24.57,25.6,Government,3,Canada,O,Moth Ballz
SBS-7-O, Low ,2021.0,5.0,300.0,606300.0,24252.0,582048.0,505250.0,76798.0,2020-10-01,12.67,13.19,Small Business,7,Germany,O,Moth Ballz
PTE-13-O, Low ,1138.0,5.0,125.0,142250.0,5690.0,136560.0,136560.0,,2020-12-01,,,Enterprise,13,Mexico,O,Moth Ballz
TVG-3-R, Low ,4251.0,10.0,7.0,29757.0,1190.28,28566.72,21255.0,7311.72,2020-01-01,24.57,25.6,Government,3,Canada,R,Rapsa Ballz
PTE-7-R, Low ,795.0,10.0,125.0,99375.0,3975.0,95400.0,95400.0,,2020-03-01,,,Enterprise,7,Germany,R,Rapsa Ballz
SBS-7-R, Low ,1414.5,10.0,300.0,424350.0,16974.0,407376.0,353625.0,53751.0,2020-04-01,12.67,13.19,Small Business,7,Germany,R,Rapsa Ballz
SBS-21-R, Low ,2918.0,10.0,300.0,875400.0,35016.0,840384.0,729500.0,110884.0,2020-05-01,12.67,13.19,Small Business,21,United States of America,R,Rapsa Ballz
TVG-21-R, Low ,3450.0,10.0,350.0,1207500.0,48300.0,1159200.0,897000.0,262200.0,2020-07-01,21.71,22.62,Government,21,United States of America,R,Rapsa Ballz
PTE-6-R, Low ,2988.0,10.0,125.0,373500.0,14940.0,358560.0,358560.0,,2020-07-01,,,Enterprise,6,France,R,Rapsa Ballz
TMM-3-R, Low ,218.0,10.0,15.0,3270.0,130.8,3139.2,2180.0,959.2,2020-09-01,29.33,30.56,Midmarket,3,Canada,R,Rapsa Ballz
TVG-3-R, Low ,2074.0,10.0,20.0,41480.0,1659.2,39820.8,20740.0,19080.8,2020-09-01,46.0,47.92,Government,3,Canada,R,Rapsa Ballz
TVG-21-R, Low ,1056.0,10.0,20.0,21120.0,844.8,20275.2,10560.0,9715.2,2020-09-01,46.0,47.92,Government,21,United States of America,R,Rapsa Ballz
TMM-21-R, Low ,671.0,10.0,15.0,10065.0,402.6,9662.4,6710.0,2952.4,2021-02-01,29.33,30.56,Midmarket,21,United States of America,R,Rapsa Ballz
TMM-13-R, Low ,1514.0,10.0,15.0,22710.0,908.4,21801.6,15140.0,6661.6,2021-02-01,29.33,30.56,Midmarket,13,Mexico,R,Rapsa Ballz
TVG-21-R, Low ,274.0,10.0,350.0,95900.0,3836.0,92064.0,71240.0,20824.0,2020-12-01,21.71,22.62,Government,21,United States of America,R,Rapsa Ballz
PTE-13-R, Low ,1138.0,10.0,125.0,142250.0,5690.0,136560.0,136560.0,,2020-12-01,,,Enterprise,13,Mexico,R,Rapsa Ballz
PHC-21-B, Low ,1465.0,120.0,12.0,17580.0,703.2,16876.8,4395.0,12481.8,2020-03-01,71.0,73.96,Channel Partners,21,United States of America,B,Basket Ballz
TVG-3-B, Low ,2646.0,120.0,20.0,52920.0,2116.8,50803.2,26460.0,24343.2,2021-01-01,46.0,47.92,Government,3,Canada,B,Basket Ballz
TVG-6-B, Low ,2177.0,120.0,350.0,761950.0,30478.0,731472.0,566020.0,165452.0,2020-10-01,21.71,22.62,Government,6,France,B,Basket Ballz
PHC-6-E, Low ,866.0,250.0,12.0,10392.0,415.68,9976.32,2598.0,7378.32,2020-05-01,71.0,73.96,Channel Partners,6,France,E,Meat Ballz
TVG-21-E, Low ,349.0,250.0,350.0,122150.0,4886.0,117264.0,90740.0,26524.0,2021-01-01,21.71,22.62,Government,21,United States of America,E,Meat Ballz
TVG-6-E, Low ,2177.0,250.0,350.0,761950.0,30478.0,731472.0,566020.0,165452.0,2020-10-01,21.71,22.62,Government,6,France,E,Meat Ballz
TMM-13-E, Low ,1514.0,250.0,15.0,22710.0,908.4,21801.6,15140.0,6661.6,2021-02-01,29.33,30.56,Midmarket,13,Mexico,E,Meat Ballz
TVG-13-C, Low ,1865.0,260.0,350.0,652750.0,26110.0,626640.0,484900.0,141740.0,2020-02-01,21.71,22.62,Government,13,Mexico,C,Cotton Ballz
PTE-13-C, Low ,1074.0,260.0,125.0,134250.0,5370.0,128880.0,128880.0,,2020-04-01,,,Enterprise,13,Mexico,C,Cotton Ballz
TVG-7-C, Low ,1907.0,260.0,350.0,667450.0,26698.0,640752.0,495820.0,144932.0,2020-09-01,21.71,22.62,Government,7,Germany,C,Cotton Ballz
TMM-21-C, Low ,671.0,260.0,15.0,10065.0,402.6,9662.4,6710.0,2952.4,2021-02-01,29.33,30.56,Midmarket,21,United States of America,C,Cotton Ballz
TVG-3-C, Low ,1778.0,260.0,350.0,622300.0,24892.0,597408.0,462280.0,135128.0,2021-04-01,21.71,22.62,Government,3,Canada,C,Cotton Ballz
TVG-7-O, Medium ,1159.0,5.0,7.0,8113.0,405.65,7707.35,5795.0,1912.35,2021-02-01,23.57,24.81,Government,7,Germany,O,Moth Ballz
TVG-7-R, Medium ,1372.0,10.0,7.0,9604.0,480.2,9123.8,6860.0,2263.8,2020-01-01,23.57,24.81,Government,7,Germany,R,Rapsa Ballz
TVG-3-R, Medium ,2349.0,10.0,7.0,16443.0,822.15,15620.85,11745.0,3875.85,2021-01-01,23.57,24.81,Government,3,Canada,R,Rapsa Ballz
TVG-13-R, Medium ,2689.0,10.0,7.0,18823.0,941.15,17881.85,13445.0,4436.85,2020-10-01,23.57,24.81,Government,13,Mexico,R,Rapsa Ballz
PHC-3-R, Medium ,2431.0,10.0,12.0,29172.0,1458.6,27713.4,7293.0,20420.4,2020-12-01,70.0,73.68,Channel Partners,3,Canada,R,Rapsa Ballz
PHC-3-B, Medium ,2431.0,120.0,12.0,29172.0,1458.6,27713.4,7293.0,20420.4,2020-12-01,70.0,73.68,Channel Partners,3,Canada,B,Basket Ballz
TVG-13-E, Medium ,2689.0,250.0,7.0,18823.0,941.15,17881.85,13445.0,4436.85,2020-10-01,23.57,24.81,Government,13,Mexico,E,Meat Ballz
TVG-13-C, Medium ,1683.0,260.0,7.0,11781.0,589.05,11191.95,8415.0,2776.95,2020-07-01,23.57,24.81,Government,13,Mexico,C,Cotton Ballz
PHC-13-C, Medium ,1123.0,260.0,12.0,13476.0,673.8,12802.2,3369.0,9433.2,2020-08-01,70.0,73.68,Channel Partners,13,Mexico,C,Cotton Ballz
TVG-7-C, Medium ,1159.0,260.0,7.0,8113.0,405.65,7707.35,5795.0,1912.35,2021-02-01,23.57,24.81,Government,7,Germany,C,Cotton Ballz
PHC-6-V, Medium ,1865.0,3.0,12.0,22380.0,1119.0,21261.0,5595.0,15666.0,2020-02-01,70.0,73.68,Channel Partners,6,France,V,Volley Ballz
PHC-7-V, Medium ,1116.0,3.0,12.0,13392.0,669.6,12722.4,3348.0,9374.4,2020-02-01,70.0,73.68,Channel Partners,7,Germany,V,Volley Ballz
TVG-6-V, Medium ,1563.0,3.0,20.0,31260.0,1563.0,29697.0,15630.0,14067.0,2020-05-01,45.0,47.37,Government,6,France,V,Volley Ballz
SBS-21-V, Medium ,991.0,3.0,300.0,297300.0,14865.0,282435.0,247750.0,34685.0,2020-06-01,11.67,12.28,Small Business,21,United States of America,V,Volley Ballz
TVG-7-V, Medium ,1016.0,3.0,7.0,7112.0,355.6,6756.4,5080.0,1676.4,2021-03-01,23.57,24.81,Government,7,Germany,V,Volley Ballz
TMM-13-V, Medium ,2791.0,3.0,15.0,41865.0,2093.25,39771.75,27910.0,11861.75,2020-11-01,28.33,29.82,Midmarket,13,Mexico,V,Volley Ballz
TVG-21-V, Medium ,570.0,3.0,7.0,3990.0,199.5,3790.5,2850.0,940.5,2020-12-01,23.57,24.81,Government,21,United States of America,V,Volley Ballz
TVG-6-V, Medium ,2487.0,3.0,7.0,17409.0,870.45,16538.55,12435.0,4103.55,2020-12-01,23.57,24.81,Government,6,France,V,Volley Ballz
TVG-6-O, Medium ,1384.5,5.0,350.0,484575.0,24228.75,460346.25,359970.0,100376.25,2020-01-01,20.71,21.8,Government,6,France,O,Moth Ballz
PTE-21-O, Medium ,3627.0,5.0,125.0,453375.0,22668.75,430706.25,435240.0,,2020-07-01,,,Enterprise,21,United States of America,O,Moth Ballz
TVG-13-O, Medium ,720.0,5.0,350.0,252000.0,12600.0,239400.0,187200.0,52200.0,2021-01-01,20.71,21.8,Government,13,Mexico,O,Moth Ballz
PHC-7-O, Medium ,2342.0,5.0,12.0,28104.0,1405.2,26698.8,7026.0,19672.8,2020-11-01,70.0,73.68,Channel Partners,7,Germany,O,Moth Ballz
SBS-13-O, Medium ,1100.0,5.0,300.0,330000.0,16500.0,313500.0,275000.0,38500.0,2021-04-01,11.67,12.28,Small Business,13,Mexico,O,Moth Ballz
TVG-6-R, Medium ,1303.0,10.0,20.0,26060.0,1303.0,24757.0,13030.0,11727.0,2020-02-01,45.0,47.37,Government,6,France,R,Rapsa Ballz
PTE-21-R, Medium ,2992.0,10.0,125.0,374000.0,18700.0,355300.0,359040.0,,2020-03-01,,,Enterprise,21,United States of America,R,Rapsa Ballz
PTE-6-R, Medium ,2385.0,10.0,125.0,298125.0,14906.25,283218.75,286200.0,,2020-03-01,,,Enterprise,6,France,R,Rapsa Ballz
SBS-13-R, Medium ,1607.0,10.0,300.0,482100.0,24105.0,457995.0,401750.0,56245.0,2020-04-01,11.67,12.28,Small Business,13,Mexico,R,Rapsa Ballz
TVG-21-R, Medium ,2327.0,10.0,7.0,16289.0,814.45,15474.55,11635.0,3839.55,2020-05-01,23.57,24.81,Government,21,United States of America,R,Rapsa Ballz
SBS-21-R, Medium ,991.0,10.0,300.0,297300.0,14865.0,282435.0,247750.0,34685.0,2020-06-01,11.67,12.28,Small Business,21,United States of America,R,Rapsa Ballz
TVG-21-R, Medium ,602.0,10.0,350.0,210700.0,10535.0,200165.0,156520.0,43645.0,2020-06-01,20.71,21.8,Government,21,United States of America,R,Rapsa Ballz
TMM-6-R, Medium ,2620.0,10.0,15.0,39300.0,1965.0,37335.0,26200.0,11135.0,2020-09-01,28.33,29.82,Midmarket,6,France,R,Rapsa Ballz
TVG-3-R, Medium ,1228.0,10.0,350.0,429800.0,21490.0,408310.0,319280.0,89030.0,2021-02-01,20.71,21.8,Government,3,Canada,R,Rapsa Ballz
TVG-3-R, Medium ,1389.0,10.0,20.0,27780.0,1389.0,26391.0,13890.0,12501.0,2021-02-01,45.0,47.37,Government,3,Canada,R,Rapsa Ballz
PTE-21-R, Medium ,861.0,10.0,125.0,107625.0,5381.25,102243.75,103320.0,,2020-10-01,,,Enterprise,21,United States of America,R,Rapsa Ballz
PTE-6-R, Medium ,704.0,10.0,125.0,88000.0,4400.0,83600.0,84480.0,,2021-02-01,,,Enterprise,6,France,R,Rapsa Ballz
TVG-3-R, Medium ,1802.0,10.0,20.0,36040.0,1802.0,34238.0,18020.0,16218.0,2021-04-01,45.0,47.37,Government,3,Canada,R,Rapsa Ballz
TVG-21-R, Medium ,2663.0,10.0,20.0,53260.0,2663.0,50597.0,26630.0,23967.0,2020-12-01,45.0,47.37,Government,21,United States of America,R,Rapsa Ballz
TVG-6-R, Medium ,2136.0,10.0,7.0,14952.0,747.6,14204.4,10680.0,3524.4,2021-04-01,23.57,24.81,Government,6,France,R,Rapsa Ballz
TMM-7-R, Medium ,2116.0,10.0,15.0,31740.0,1587.0,30153.0,21160.0,8993.0,2021-04-01,28.33,29.82,Midmarket,7,Germany,R,Rapsa Ballz
TMM-21-B, Medium ,555.0,120.0,15.0,8325.0,416.25,7908.75,5550.0,2358.75,2020-01-01,28.33,29.82,Midmarket,21,United States of America,B,Basket Ballz
TMM-13-B, Medium ,2861.0,120.0,15.0,42915.0,2145.75,40769.25,28610.0,12159.25,2020-01-01,28.33,29.82,Midmarket,13,Mexico,B,Basket Ballz
PTE-7-B, Medium ,807.0,120.0,125.0,100875.0,5043.75,95831.25,96840.0,,2020-02-01,,,Enterprise,7,Germany,B,Basket Ballz
TVG-21-B, Medium ,602.0,120.0,350.0,210700.0,10535.0,200165.0,156520.0,43645.0,2020-06-01,20.71,21.8,Government,21,United States of America,B,Basket Ballz
TVG-21-B, Medium ,2832.0,120.0,20.0,56640.0,2832.0,53808.0,28320.0,25488.0,2020-08-01,45.0,47.37,Government,21,United States of America,B,Basket Ballz
TVG-6-B, Medium ,1579.0,120.0,20.0,31580.0,1579.0,30001.0,15790.0,14211.0,2020-08-01,45.0,47.37,Government,6,France,B,Basket Ballz
PTE-21-B, Medium ,861.0,120.0,125.0,107625.0,5381.25,102243.75,103320.0,,2020-10-01,,,Enterprise,21,United States of America,B,Basket Ballz
PTE-6-B, Medium ,704.0,120.0,125.0,88000.0,4400.0,83600.0,84480.0,,2021-02-01,,,Enterprise,6,France,B,Basket Ballz
TVG-6-B, Medium ,1033.0,120.0,20.0,20660.0,1033.0,19627.0,10330.0,9297.0,2021-04-01,45.0,47.37,Government,6,France,B,Basket Ballz
SBS-7-B, Medium ,1250.0,120.0,300.0,375000.0,18750.0,356250.0,312500.0,43750.0,2020-12-01,11.67,12.28,Small Business,7,Germany,B,Basket Ballz
TVG-3-E, Medium ,1389.0,250.0,20.0,27780.0,1389.0,26391.0,13890.0,12501.0,2021-02-01,45.0,47.37,Government,3,Canada,E,Meat Ballz
TVG-21-E, Medium ,1265.0,250.0,20.0,25300.0,1265.0,24035.0,12650.0,11385.0,2021-03-01,45.0,47.37,Government,21,United States of America,E,Meat Ballz
TVG-7-E, Medium ,2297.0,250.0,20.0,45940.0,2297.0,43643.0,22970.0,20673.0,2021-03-01,45.0,47.37,Government,7,Germany,E,Meat Ballz
TVG-21-E, Medium ,2663.0,250.0,20.0,53260.0,2663.0,50597.0,26630.0,23967.0,2020-12-01,45.0,47.37,Government,21,United States of America,E,Meat Ballz
TVG-21-E, Medium ,570.0,250.0,7.0,3990.0,199.5,3790.5,2850.0,940.5,2020-12-01,23.57,24.81,Government,21,United States of America,E,Meat Ballz
TVG-6-E, Medium ,2487.0,250.0,7.0,17409.0,870.45,16538.55,12435.0,4103.55,2020-12-01,23.57,24.81,Government,6,France,E,Meat Ballz
TVG-7-C, Medium ,1350.0,260.0,350.0,472500.0,23625.0,448875.0,351000.0,97875.0,2020-02-01,20.71,21.8,Government,7,Germany,C,Cotton Ballz
TVG-3-C, Medium ,552.0,260.0,350.0,193200.0,9660.0,183540.0,143520.0,40020.0,2020-08-01,20.71,21.8,Government,3,Canada,C,Cotton Ballz
TVG-3-C, Medium ,1228.0,260.0,350.0,429800.0,21490.0,408310.0,319280.0,89030.0,2021-02-01,20.71,21.8,Government,3,Canada,C,Cotton Ballz
SBS-7-C, Medium ,1250.0,260.0,300.0,375000.0,18750.0,356250.0,312500.0,43750.0,2020-12-01,11.67,12.28,Small Business,7,Germany,C,Cotton Ballz
TMM-6-R, Medium ,3801.0,10.0,15.0,57015.0,3420.9,53594.1,38010.0,15584.1,2020-04-01,27.33,29.08,Midmarket,6,France,R,Rapsa Ballz
TVG-21-V, Medium ,1117.5,3.0,20.0,22350.0,1341.0,21009.0,11175.0,9834.0,2020-01-01,44.0,46.81,Government,21,United States of America,V,Volley Ballz
TMM-3-V, Medium ,2844.0,3.0,15.0,42660.0,2559.6,40100.4,28440.0,11660.4,2020-06-01,27.33,29.08,Midmarket,3,Canada,V,Volley Ballz
PHC-13-V, Medium ,562.0,3.0,12.0,6744.0,404.64,6339.36,1686.0,4653.36,2020-09-01,69.0,73.4,Channel Partners,13,Mexico,V,Volley Ballz
PHC-3-V, Medium ,2299.0,3.0,12.0,27588.0,1655.28,25932.72,6897.0,19035.72,2021-02-01,69.0,73.4,Channel Partners,3,Canada,V,Volley Ballz
TMM-21-V, Medium ,2030.0,3.0,15.0,30450.0,1827.0,28623.0,20300.0,8323.0,2020-11-01,27.33,29.08,Midmarket,21,United States of America,V,Volley Ballz
TVG-21-V, Medium ,263.0,3.0,7.0,1841.0,110.46,1730.54,1315.0,415.54,2021-03-01,22.57,24.01,Government,21,United States of America,V,Volley Ballz
PTE-7-V, Medium ,887.0,3.0,125.0,110875.0,6652.5,104222.5,106440.0,,2021-04-01,,,Enterprise,7,Germany,V,Volley Ballz
TVG-13-O, Medium ,980.0,5.0,350.0,343000.0,20580.0,322420.0,254800.0,67620.0,2020-04-01,19.71,20.97,Government,13,Mexico,O,Moth Ballz
TVG-7-O, Medium ,1460.0,5.0,350.0,511000.0,30660.0,480340.0,379600.0,100740.0,2020-05-01,19.71,20.97,Government,7,Germany,O,Moth Ballz
TVG-6-O, Medium ,1403.0,5.0,7.0,9821.0,589.26,9231.74,7015.0,2216.74,2021-02-01,22.57,24.01,Government,6,France,O,Moth Ballz
PHC-21-O, Medium ,2723.0,5.0,12.0,32676.0,1960.56,30715.44,8169.0,22546.44,2020-11-01,69.0,73.4,Channel Partners,21,United States of America,O,Moth Ballz
TVG-6-R, Medium ,1496.0,10.0,350.0,523600.0,31416.0,492184.0,388960.0,103224.0,2020-06-01,19.71,20.97,Government,6,France,R,Rapsa Ballz
PHC-3-R, Medium ,2299.0,10.0,12.0,27588.0,1655.28,25932.72,6897.0,19035.72,2021-02-01,69.0,73.4,Channel Partners,3,Canada,R,Rapsa Ballz
TVG-21-R, Medium ,727.0,10.0,350.0,254450.0,15267.0,239183.0,189020.0,50163.0,2021-02-01,19.71,20.97,Government,21,United States of America,R,Rapsa Ballz
PTE-3-B, Medium ,952.0,120.0,125.0,119000.0,7140.0,111860.0,114240.0,,2020-02-01,,,Enterprise,3,Canada,B,Basket Ballz
PTE-21-B, Medium ,2755.0,120.0,125.0,344375.0,20662.5,323712.5,330600.0,,2020-02-01,,,Enterprise,21,United States of America,B,Basket Ballz
TMM-7-B, Medium ,1530.0,120.0,15.0,22950.0,1377.0,21573.0,15300.0,6273.0,2020-05-01,27.33,29.08,Midmarket,7,Germany,B,Basket Ballz
TVG-6-B, Medium ,1496.0,120.0,350.0,523600.0,31416.0,492184.0,388960.0,103224.0,2020-06-01,19.71,20.97,Government,6,France,B,Basket Ballz
TVG-13-B, Medium ,1498.0,120.0,7.0,10486.0,629.16,9856.84,7490.0,2366.84,2020-06-01,22.57,24.01,Government,13,Mexico,B,Basket Ballz
SBS-6-B, Medium ,1221.0,120.0,300.0,366300.0,21978.0,344322.0,305250.0,39072.0,2021-02-01,10.67,11.35,Small Business,6,France,B,Basket Ballz
TVG-6-B, Medium ,2076.0,120.0,350.0,726600.0,43596.0,683004.0,539760.0,143244.0,2021-02-01,19.71,20.97,Government,6,France,B,Basket Ballz
TMM-3-E, Medium ,2844.0,250.0,15.0,42660.0,2559.6,40100.4,28440.0,11660.4,2020-06-01,27.33,29.08,Midmarket,3,Canada,E,Meat Ballz
TVG-13-E, Medium ,1498.0,250.0,7.0,10486.0,629.16,9856.84,7490.0,2366.84,2020-06-01,22.57,24.01,Government,13,Mexico,E,Meat Ballz
SBS-6-E, Medium ,1221.0,250.0,300.0,366300.0,21978.0,344322.0,305250.0,39072.0,2021-02-01,10.67,11.35,Small Business,6,France,E,Meat Ballz
TVG-13-E, Medium ,1123.0,250.0,20.0,22460.0,1347.6,21112.4,11230.0,9882.4,2021-03-01,44.0,46.81,Government,13,Mexico,E,Meat Ballz
SBS-3-E, Medium ,2436.0,250.0,300.0,730800.0,43848.0,686952.0,609000.0,77952.0,2021-04-01,10.67,11.35,Small Business,3,Canada,E,Meat Ballz
PTE-6-C, Medium ,1987.5,260.0,125.0,248437.5,14906.25,233531.25,238500.0,,2020-01-01,,,Enterprise,6,France,C,Cotton Ballz
TVG-13-C, Medium ,1679.0,260.0,350.0,587650.0,35259.0,552391.0,436540.0,115851.0,2020-09-01,19.71,20.97,Government,13,Mexico,C,Cotton Ballz
TVG-21-C, Medium ,727.0,260.0,350.0,254450.0,15267.0,239183.0,189020.0,50163.0,2021-02-01,19.71,20.97,Government,21,United States of America,C,Cotton Ballz
TVG-6-C, Medium ,1403.0,260.0,7.0,9821.0,589.26,9231.74,7015.0,2216.74,2021-02-01,22.57,24.01,Government,6,France,C,Cotton Ballz
TVG-6-C, Medium ,2076.0,260.0,350.0,726600.0,43596.0,683004.0,539760.0,143244.0,2021-02-01,19.71,20.97,Government,6,France,C,Cotton Ballz
TVG-6-O, Medium ,1757.0,5.0,20.0,35140.0,2108.4,33031.6,17570.0,15461.6,2021-02-01,44.0,46.81,Government,6,France,O,Moth Ballz
TMM-21-R, Medium ,2198.0,10.0,15.0,32970.0,1978.2,30991.8,21980.0,9011.8,2020-08-01,27.33,29.08,Midmarket,21,United States of America,R,Rapsa Ballz
TMM-7-R, Medium ,1743.0,10.0,15.0,26145.0,1568.7,24576.3,17430.0,7146.3,2020-08-01,27.33,29.08,Midmarket,7,Germany,R,Rapsa Ballz
TMM-21-R, Medium ,1153.0,10.0,15.0,17295.0,1037.7,16257.3,11530.0,4727.3,2020-10-01,27.33,29.08,Midmarket,21,United States of America,R,Rapsa Ballz
TVG-6-R, Medium ,1757.0,10.0,20.0,35140.0,2108.4,33031.6,17570.0,15461.6,2021-02-01,44.0,46.81,Government,6,France,R,Rapsa Ballz
TVG-7-B, Medium ,1001.0,120.0,20.0,20020.0,1201.2,18818.8,10010.0,8808.8,2020-08-01,44.0,46.81,Government,7,Germany,B,Basket Ballz
TVG-13-B, Medium ,1333.0,120.0,7.0,9331.0,559.86,8771.14,6665.0,2106.14,2020-11-01,22.57,24.01,Government,13,Mexico,B,Basket Ballz
TMM-21-E, Medium ,1153.0,250.0,15.0,17295.0,1037.7,16257.3,11530.0,4727.3,2020-10-01,27.33,29.08,Midmarket,21,United States of America,E,Meat Ballz
PHC-13-V, Medium ,727.0,3.0,12.0,8724.0,610.68,8113.32,2181.0,5932.32,2020-02-01,68.0,73.12,Channel Partners,13,Mexico,V,Volley Ballz
PHC-3-V, Medium ,1884.0,3.0,12.0,22608.0,1582.56,21025.44,5652.0,15373.44,2020-08-01,68.0,73.12,Channel Partners,3,Canada,V,Volley Ballz
TVG-13-V, Medium ,1834.0,3.0,20.0,36680.0,2567.6,34112.4,18340.0,15772.4,2021-01-01,43.0,46.24,Government,13,Mexico,V,Volley Ballz
PHC-13-O, Medium ,2340.0,5.0,12.0,28080.0,1965.6,26114.4,7020.0,19094.4,2020-01-01,68.0,73.12,Channel Partners,13,Mexico,O,Moth Ballz
PHC-6-O, Medium ,2342.0,5.0,12.0,28104.0,1967.28,26136.72,7026.0,19110.72,2020-11-01,68.0,73.12,Channel Partners,6,France,O,Moth Ballz
TVG-6-R, Medium ,1031.0,10.0,7.0,7217.0,505.19,6711.81,5155.0,1556.81,2021-01-01,21.57,23.2,Government,6,France,R,Rapsa Ballz
TMM-3-B, Medium ,1262.0,120.0,15.0,18930.0,1325.1,17604.9,12620.0,4984.9,2020-05-01,26.33,28.32,Midmarket,3,Canada,B,Basket Ballz
TVG-3-B, Medium ,1135.0,120.0,7.0,7945.0,556.15,7388.85,5675.0,1713.85,2020-06-01,21.57,23.2,Government,3,Canada,B,Basket Ballz
TVG-21-B, Medium ,547.0,120.0,7.0,3829.0,268.03,3560.97,2735.0,825.97,2020-11-01,21.57,23.2,Government,21,United States of America,B,Basket Ballz
TVG-3-B, Medium ,1582.0,120.0,7.0,11074.0,775.18,10298.82,7910.0,2388.82,2020-12-01,21.57,23.2,Government,3,Canada,B,Basket Ballz
PHC-6-E, Medium ,1738.5,250.0,12.0,20862.0,1460.34,19401.66,5215.5,14186.16,2020-04-01,68.0,73.12,Channel Partners,6,France,E,Meat Ballz
PHC-7-E, Medium ,2215.0,250.0,12.0,26580.0,1860.6,24719.4,6645.0,18074.4,2021-01-01,68.0,73.12,Channel Partners,7,Germany,E,Meat Ballz
TVG-3-E, Medium ,1582.0,250.0,7.0,11074.0,775.18,10298.82,7910.0,2388.82,2020-12-01,21.57,23.2,Government,3,Canada,E,Meat Ballz
TVG-3-C, Medium ,1135.0,260.0,7.0,7945.0,556.15,7388.85,5675.0,1713.85,2020-06-01,21.57,23.2,Government,3,Canada,C,Cotton Ballz
TVG-21-V, Medium ,1761.0,3.0,350.0,616350.0,43144.5,573205.5,457860.0,115345.5,2020-03-01,18.71,20.12,Government,21,United States of America,V,Volley Ballz
SBS-6-V, Medium ,448.0,3.0,300.0,134400.0,9408.0,124992.0,112000.0,12992.0,2020-06-01,9.67,10.39,Small Business,6,France,V,Volley Ballz
SBS-6-V, Medium ,2181.0,3.0,300.0,654300.0,45801.0,608499.0,545250.0,63249.0,2020-10-01,9.67,10.39,Small Business,6,France,V,Volley Ballz
TVG-6-O, Medium ,1976.0,5.0,20.0,39520.0,2766.4,36753.6,19760.0,16993.6,2020-10-01,43.0,46.24,Government,6,France,O,Moth Ballz
SBS-6-O, Medium ,2181.0,5.0,300.0,654300.0,45801.0,608499.0,545250.0,63249.0,2020-10-01,9.67,10.39,Small Business,6,France,O,Moth Ballz
PTE-7-O, Medium ,2500.0,5.0,125.0,312500.0,21875.0,290625.0,300000.0,,2021-03-01,,,Enterprise,7,Germany,O,Moth Ballz
SBS-3-R, Medium ,1702.0,10.0,300.0,510600.0,35742.0,474858.0,425500.0,49358.0,2020-05-01,9.67,10.39,Small Business,3,Canada,R,Rapsa Ballz
SBS-6-R, Medium ,448.0,10.0,300.0,134400.0,9408.0,124992.0,112000.0,12992.0,2020-06-01,9.67,10.39,Small Business,6,France,R,Rapsa Ballz
PTE-7-R, Medium ,3513.0,10.0,125.0,439125.0,30738.75,408386.25,421560.0,,2020-07-01,,,Enterprise,7,Germany,R,Rapsa Ballz
TMM-6-R, Medium ,2101.0,10.0,15.0,31515.0,2206.05,29308.95,21010.0,8298.95,2020-08-01,26.33,28.32,Midmarket,6,France,R,Rapsa Ballz
TMM-21-R, Medium ,2931.0,10.0,15.0,43965.0,3077.55,40887.45,29310.0,11577.45,2021-01-01,26.33,28.32,Midmarket,21,United States of America,R,Rapsa Ballz
TVG-6-R, Medium ,1535.0,10.0,20.0,30700.0,2149.0,28551.0,15350.0,13201.0,2020-09-01,43.0,46.24,Government,6,France,R,Rapsa Ballz
SBS-7-R, Medium ,1123.0,10.0,300.0,336900.0,23583.0,313317.0,280750.0,32567.0,2021-01-01,9.67,10.39,Small Business,7,Germany,R,Rapsa Ballz
SBS-3-R, Medium ,1404.0,10.0,300.0,421200.0,29484.0,391716.0,351000.0,40716.0,2021-03-01,9.67,10.39,Small Business,3,Canada,R,Rapsa Ballz
PHC-13-R, Medium ,2763.0,10.0,12.0,33156.0,2320.92,30835.08,8289.0,22546.08,2021-03-01,68.0,73.12,Channel Partners,13,Mexico,R,Rapsa Ballz
TVG-7-R, Medium ,2125.0,10.0,7.0,14875.0,1041.25,13833.75,10625.0,3208.75,2021-04-01,21.57,23.2,Government,7,Germany,R,Rapsa Ballz
SBS-6-B, Medium ,1659.0,120.0,300.0,497700.0,34839.0,462861.0,414750.0,48111.0,2020-07-01,9.67,10.39,Small Business,6,France,B,Basket Ballz
TVG-13-B, Medium ,609.0,120.0,20.0,12180.0,852.6,11327.4,6090.0,5237.4,2020-08-01,43.0,46.24,Government,13,Mexico,B,Basket Ballz
PTE-7-B, Medium ,2087.0,120.0,125.0,260875.0,18261.25,242613.75,250440.0,,2020-09-01,,,Enterprise,7,Germany,B,Basket Ballz
TVG-6-B, Medium ,1976.0,120.0,20.0,39520.0,2766.4,36753.6,19760.0,16993.6,2020-10-01,43.0,46.24,Government,6,France,B,Basket Ballz
TVG-21-B, Medium ,1421.0,120.0,20.0,28420.0,1989.4,26430.6,14210.0,12220.6,2021-04-01,43.0,46.24,Government,21,United States of America,B,Basket Ballz
SBS-21-B, Medium ,1372.0,120.0,300.0,411600.0,28812.0,382788.0,343000.0,39788.0,2020-12-01,9.67,10.39,Small Business,21,United States of America,B,Basket Ballz
TVG-7-B, Medium ,588.0,120.0,20.0,11760.0,823.2,10936.8,5880.0,5056.8,2021-04-01,43.0,46.24,Government,7,Germany,B,Basket Ballz
PHC-3-E, Medium ,3244.5,250.0,12.0,38934.0,2725.38,36208.62,9733.5,26475.12,2020-01-01,68.0,73.12,Channel Partners,3,Canada,E,Meat Ballz
SBS-6-E, Medium ,959.0,250.0,300.0,287700.0,20139.0,267561.0,239750.0,27811.0,2020-02-01,9.67,10.39,Small Business,6,France,E,Meat Ballz
SBS-13-E, Medium ,2747.0,250.0,300.0,824100.0,57687.0,766413.0,686750.0,79663.0,2020-02-01,9.67,10.39,Small Business,13,Mexico,E,Meat Ballz
PTE-3-C, Medium ,1645.0,260.0,125.0,205625.0,14393.75,191231.25,197400.0,,2020-05-01,,,Enterprise,3,Canada,C,Cotton Ballz
TVG-6-C, Medium ,2876.0,260.0,350.0,1006600.0,70462.0,936138.0,747760.0,188378.0,2020-09-01,18.71,20.12,Government,6,France,C,Cotton Ballz
PTE-7-C, Medium ,994.0,260.0,125.0,124250.0,8697.5,115552.5,119280.0,,2021-01-01,,,Enterprise,7,Germany,C,Cotton Ballz
TVG-3-C, Medium ,1118.0,260.0,20.0,22360.0,1565.2,20794.8,11180.0,9614.8,2020-11-01,43.0,46.24,Government,3,Canada,C,Cotton Ballz
SBS-21-C, Medium ,1372.0,260.0,300.0,411600.0,28812.0,382788.0,343000.0,39788.0,2020-12-01,9.67,10.39,Small Business,21,United States of America,C,Cotton Ballz
TVG-3-O, Medium ,488.0,5.0,7.0,3416.0,273.28,3142.72,2440.0,702.72,2020-02-01,20.57,22.36,Government,3,Canada,O,Moth Ballz
TVG-21-O, Medium ,1282.0,5.0,20.0,25640.0,2051.2,23588.8,12820.0,10768.8,2020-06-01,42.0,45.65,Government,21,United States of America,O,Moth Ballz
TVG-3-R, Medium ,257.0,10.0,7.0,1799.0,143.92,1655.08,1285.0,370.08,2020-05-01,20.57,22.36,Government,3,Canada,R,Rapsa Ballz
TVG-21-C, Medium ,1282.0,260.0,20.0,25640.0,2051.2,23588.8,12820.0,10768.8,2020-06-01,42.0,45.65,Government,21,United States of America,C,Cotton Ballz
PTE-13-V, Medium ,1540.0,3.0,125.0,192500.0,15400.0,177100.0,184800.0,,2020-08-01,,,Enterprise,13,Mexico,V,Volley Ballz
TMM-6-V, Medium ,490.0,3.0,15.0,7350.0,588.0,6762.0,4900.0,1862.0,2020-11-01,25.33,27.54,Midmarket,6,France,V,Volley Ballz
TVG-13-V, Medium ,1362.0,3.0,350.0,476700.0,38136.0,438564.0,354120.0,84444.0,2020-12-01,17.71,19.25,Government,13,Mexico,V,Volley Ballz
TMM-6-O, Medium ,2501.0,5.0,15.0,37515.0,3001.2,34513.8,25010.0,9503.8,2020-03-01,25.33,27.54,Midmarket,6,France,O,Moth Ballz
TVG-3-O, Medium ,708.0,5.0,20.0,14160.0,1132.8,13027.2,7080.0,5947.2,2020-06-01,42.0,45.65,Government,3,Canada,O,Moth Ballz
TVG-7-O, Medium ,645.0,5.0,20.0,12900.0,1032.0,11868.0,6450.0,5418.0,2020-07-01,42.0,45.65,Government,7,Germany,O,Moth Ballz
SBS-6-O, Medium ,1562.0,5.0,300.0,468600.0,37488.0,431112.0,390500.0,40612.0,2020-08-01,8.67,9.42,Small Business,6,France,O,Moth Ballz
SBS-3-O, Medium ,1283.0,5.0,300.0,384900.0,30792.0,354108.0,320750.0,33358.0,2021-01-01,8.67,9.42,Small Business,3,Canada,O,Moth Ballz
TMM-7-O, Medium ,711.0,5.0,15.0,10665.0,853.2,9811.8,7110.0,2701.8,2020-12-01,25.33,27.54,Midmarket,7,Germany,O,Moth Ballz
PTE-13-R, Medium ,1114.0,10.0,125.0,139250.0,11140.0,128110.0,133680.0,,2020-03-01,,,Enterprise,13,Mexico,R,Rapsa Ballz
TVG-7-R, Medium ,1259.0,10.0,7.0,8813.0,705.04,8107.96,6295.0,1812.96,2020-04-01,20.57,22.36,Government,7,Germany,R,Rapsa Ballz
TVG-7-R, Medium ,1095.0,10.0,7.0,7665.0,613.2,7051.8,5475.0,1576.8,2020-05-01,20.57,22.36,Government,7,Germany,R,Rapsa Ballz
TVG-7-R, Medium ,1366.0,10.0,20.0,27320.0,2185.6,25134.4,13660.0,11474.4,2020-06-01,42.0,45.65,Government,7,Germany,R,Rapsa Ballz
SBS-13-R, Medium ,2460.0,10.0,300.0,738000.0,59040.0,678960.0,615000.0,63960.0,2020-06-01,8.67,9.42,Small Business,13,Mexico,R,Rapsa Ballz
TVG-21-R, Medium ,678.0,10.0,7.0,4746.0,379.68,4366.32,3390.0,976.32,2020-08-01,20.57,22.36,Government,21,United States of America,R,Rapsa Ballz
TVG-7-R, Medium ,1598.0,10.0,7.0,11186.0,894.88,10291.12,7990.0,2301.12,2020-08-01,20.57,22.36,Government,7,Germany,R,Rapsa Ballz
TVG-7-R, Medium ,2409.0,10.0,7.0,16863.0,1349.04,15513.96,12045.0,3468.96,2021-01-01,20.57,22.36,Government,7,Germany,R,Rapsa Ballz
TVG-7-R, Medium ,1934.0,10.0,20.0,38680.0,3094.4,35585.6,19340.0,16245.6,2020-09-01,42.0,45.65,Government,7,Germany,R,Rapsa Ballz
TVG-13-R, Medium ,2993.0,10.0,20.0,59860.0,4788.8,55071.2,29930.0,25141.2,2020-09-01,42.0,45.65,Government,13,Mexico,R,Rapsa Ballz
TVG-7-R, Medium ,2146.0,10.0,350.0,751100.0,60088.0,691012.0,557960.0,133052.0,2021-03-01,17.71,19.25,Government,7,Germany,R,Rapsa Ballz
TVG-13-R, Medium ,1946.0,10.0,7.0,13622.0,1089.76,12532.24,9730.0,2802.24,2021-04-01,20.57,22.36,Government,13,Mexico,R,Rapsa Ballz
TVG-13-R, Medium ,1362.0,10.0,350.0,476700.0,38136.0,438564.0,354120.0,84444.0,2020-12-01,17.71,19.25,Government,13,Mexico,R,Rapsa Ballz
PHC-3-B, Medium ,598.0,120.0,12.0,7176.0,574.08,6601.92,1794.0,4807.92,2020-03-01,67.0,72.83,Channel Partners,3,Canada,B,Basket Ballz
TVG-21-B, Medium ,2907.0,120.0,7.0,20349.0,1627.92,18721.08,14535.0,4186.08,2020-06-01,20.57,22.36,Government,21,United States of America,B,Basket Ballz
TVG-7-B, Medium ,2338.0,120.0,7.0,16366.0,1309.28,15056.72,11690.0,3366.72,2020-06-01,20.57,22.36,Government,7,Germany,B,Basket Ballz
SBS-6-B, Medium ,386.0,120.0,300.0,115800.0,9264.0,106536.0,96500.0,10036.0,2021-03-01,8.67,9.42,Small Business,6,France,B,Basket Ballz
SBS-13-B, Medium ,635.0,120.0,300.0,190500.0,15240.0,175260.0,158750.0,16510.0,2020-12-01,8.67,9.42,Small Business,13,Mexico,B,Basket Ballz
TVG-6-E, Medium ,574.5,250.0,350.0,201075.0,16086.0,184989.0,149370.0,35619.0,2020-04-01,17.71,19.25,Government,6,France,E,Meat Ballz
TVG-7-E, Medium ,2338.0,250.0,7.0,16366.0,1309.28,15056.72,11690.0,3366.72,2020-06-01,20.57,22.36,Government,7,Germany,E,Meat Ballz
TVG-6-E, Medium ,381.0,250.0,350.0,133350.0,10668.0,122682.0,99060.0,23622.0,2020-08-01,17.71,19.25,Government,6,France,E,Meat Ballz
TVG-7-E, Medium ,422.0,250.0,350.0,147700.0,11816.0,135884.0,109720.0,26164.0,2020-08-01,17.71,19.25,Government,7,Germany,E,Meat Ballz
SBS-3-E, Medium ,2134.0,250.0,300.0,640200.0,51216.0,588984.0,533500.0,55484.0,2020-09-01,8.67,9.42,Small Business,3,Canada,E,Meat Ballz
SBS-21-E, Medium ,808.0,250.0,300.0,242400.0,19392.0,223008.0,202000.0,21008.0,2021-04-01,8.67,9.42,Small Business,21,United States of America,E,Meat Ballz
TVG-3-C, Medium ,708.0,260.0,20.0,14160.0,1132.8,13027.2,7080.0,5947.2,2020-06-01,42.0,45.65,Government,3,Canada,C,Cotton Ballz
TVG-21-C, Medium ,2907.0,260.0,7.0,20349.0,1627.92,18721.08,14535.0,4186.08,2020-06-01,20.57,22.36,Government,21,United States of America,C,Cotton Ballz
TVG-7-C, Medium ,1366.0,260.0,20.0,27320.0,2185.6,25134.4,13660.0,11474.4,2020-06-01,42.0,45.65,Government,7,Germany,C,Cotton Ballz
SBS-13-C, Medium ,2460.0,260.0,300.0,738000.0,59040.0,678960.0,615000.0,63960.0,2020-06-01,8.67,9.42,Small Business,13,Mexico,C,Cotton Ballz
TVG-7-C, Medium ,1520.0,260.0,20.0,30400.0,2432.0,27968.0,15200.0,12768.0,2020-11-01,42.0,45.65,Government,7,Germany,C,Cotton Ballz
TMM-7-C, Medium ,711.0,260.0,15.0,10665.0,853.2,9811.8,7110.0,2701.8,2020-12-01,25.33,27.54,Midmarket,7,Germany,C,Cotton Ballz
PHC-13-C, Medium ,1375.0,260.0,12.0,16500.0,1320.0,15180.0,4125.0,11055.0,2021-04-01,67.0,72.83,Channel Partners,13,Mexico,C,Cotton Ballz
SBS-13-C, Medium ,635.0,260.0,300.0,190500.0,15240.0,175260.0,158750.0,16510.0,2020-12-01,8.67,9.42,Small Business,13,Mexico,C,Cotton Ballz
TVG-21-E, Medium ,436.5,250.0,20.0,8730.0,698.4,8031.6,4365.0,3666.6,2020-07-01,42.0,45.65,Government,21,United States of America,E,Meat Ballz
SBS-3-V, Medium ,1094.0,3.0,300.0,328200.0,29538.0,298662.0,273500.0,25162.0,2020-06-01,7.67,8.42,Small Business,3,Canada,V,Volley Ballz
PHC-13-V, Medium ,367.0,3.0,12.0,4404.0,396.36,4007.64,1101.0,2906.64,2021-02-01,66.0,72.53,Channel Partners,13,Mexico,V,Volley Ballz
SBS-3-O, Medium ,3802.5,5.0,300.0,1140750.0,102667.5,1038082.5,950625.0,87457.5,2020-04-01,7.67,8.42,Small Business,3,Canada,O,Moth Ballz
TVG-6-O, Medium ,1666.0,5.0,350.0,583100.0,52479.0,530621.0,433160.0,97461.0,2020-05-01,16.71,18.37,Government,6,France,O,Moth Ballz
SBS-6-O, Medium ,322.0,5.0,300.0,96600.0,8694.0,87906.0,80500.0,7406.0,2021-01-01,7.67,8.42,Small Business,6,France,O,Moth Ballz
PHC-3-O, Medium ,2321.0,5.0,12.0,27852.0,2506.68,25345.32,6963.0,18382.32,2020-11-01,66.0,72.53,Channel Partners,3,Canada,O,Moth Ballz
PTE-6-O, Medium ,1857.0,5.0,125.0,232125.0,20891.25,211233.75,222840.0,,2021-03-01,,,Enterprise,6,France,O,Moth Ballz
TVG-3-O, Medium ,1611.0,5.0,7.0,11277.0,1014.93,10262.07,8055.0,2207.07,2021-04-01,19.57,21.51,Government,3,Canada,O,Moth Ballz
PTE-21-O, Medium ,2797.0,5.0,125.0,349625.0,31466.25,318158.75,335640.0,,2020-12-01,,,Enterprise,21,United States of America,O,Moth Ballz
SBS-7-O, Medium ,334.0,5.0,300.0,100200.0,9018.0,91182.0,83500.0,7682.0,2021-04-01,7.67,8.42,Small Business,7,Germany,O,Moth Ballz
SBS-13-R, Medium ,2565.0,10.0,300.0,769500.0,69255.0,700245.0,641250.0,58995.0,2020-01-01,7.67,8.42,Small Business,13,Mexico,R,Rapsa Ballz
TVG-13-R, Medium ,2417.0,10.0,350.0,845950.0,76135.5,769814.5,628420.0,141394.5,2020-01-01,16.71,18.37,Government,13,Mexico,R,Rapsa Ballz
TMM-21-R, Medium ,3675.0,10.0,15.0,55125.0,4961.25,50163.75,36750.0,13413.75,2020-04-01,24.33,26.74,Midmarket,21,United States of America,R,Rapsa Ballz
SBS-3-R, Medium ,1094.0,10.0,300.0,328200.0,29538.0,298662.0,273500.0,25162.0,2020-06-01,7.67,8.42,Small Business,3,Canada,R,Rapsa Ballz
TMM-6-R, Medium ,1227.0,10.0,15.0,18405.0,1656.45,16748.55,12270.0,4478.55,2020-10-01,24.33,26.74,Midmarket,6,France,R,Rapsa Ballz
PHC-13-R, Medium ,367.0,10.0,12.0,4404.0,396.36,4007.64,1101.0,2906.64,2021-02-01,66.0,72.53,Channel Partners,13,Mexico,R,Rapsa Ballz
SBS-6-R, Medium ,1324.0,10.0,300.0,397200.0,35748.0,361452.0,331000.0,30452.0,2020-11-01,7.67,8.42,Small Business,6,France,R,Rapsa Ballz
PHC-7-R, Medium ,1775.0,10.0,12.0,21300.0,1917.0,19383.0,5325.0,14058.0,2021-03-01,66.0,72.53,Channel Partners,7,Germany,R,Rapsa Ballz
PTE-21-R, Medium ,2797.0,10.0,125.0,349625.0,31466.25,318158.75,335640.0,,2020-12-01,,,Enterprise,21,United States of America,R,Rapsa Ballz
TMM-13-B, Medium ,245.0,120.0,15.0,3675.0,330.75,3344.25,2450.0,894.25,2020-05-01,24.33,26.74,Midmarket,13,Mexico,B,Basket Ballz
SBS-3-B, Medium ,3793.5,120.0,300.0,1138050.0,102424.5,1035625.5,948375.0,87250.5,2020-07-01,7.67,8.42,Small Business,3,Canada,B,Basket Ballz
TVG-7-B, Medium ,1307.0,120.0,350.0,457450.0,41170.5,416279.5,339820.0,76459.5,2020-07-01,16.71,18.37,Government,7,Germany,B,Basket Ballz
PTE-3-B, Medium ,567.0,120.0,125.0,70875.0,6378.75,64496.25,68040.0,,2020-09-01,,,Enterprise,3,Canada,B,Basket Ballz
PTE-13-B, Medium ,2110.0,120.0,125.0,263750.0,23737.5,240012.5,253200.0,,2020-09-01,,,Enterprise,13,Mexico,B,Basket Ballz
TVG-3-B, Medium ,1269.0,120.0,350.0,444150.0,39973.5,404176.5,329940.0,74236.5,2020-10-01,16.71,18.37,Government,3,Canada,B,Basket Ballz
PHC-21-E, Medium ,1956.0,250.0,12.0,23472.0,2112.48,21359.52,5868.0,15491.52,2020-01-01,66.0,72.53,Channel Partners,21,United States of America,E,Meat Ballz
SBS-7-E, Medium ,2659.0,250.0,300.0,797700.0,71793.0,725907.0,664750.0,61157.0,2020-02-01,7.67,8.42,Small Business,7,Germany,E,Meat Ballz
TVG-21-E, Medium ,1351.5,250.0,350.0,473025.0,42572.25,430452.75,351390.0,79062.75,2020-04-01,16.71,18.37,Government,21,United States of America,E,Meat Ballz
PHC-7-E, Medium ,880.0,250.0,12.0,10560.0,950.4,9609.6,2640.0,6969.6,2020-05-01,66.0,72.53,Channel Partners,7,Germany,E,Meat Ballz
SBS-21-E, Medium ,1867.0,250.0,300.0,560100.0,50409.0,509691.0,466750.0,42941.0,2020-09-01,7.67,8.42,Small Business,21,United States of America,E,Meat Ballz
PHC-6-E, Medium ,2234.0,250.0,12.0,26808.0,2412.72,24395.28,6702.0,17693.28,2021-01-01,66.0,72.53,Channel Partners,6,France,E,Meat Ballz
TMM-6-E, Medium ,1227.0,250.0,15.0,18405.0,1656.45,16748.55,12270.0,4478.55,2020-10-01,24.33,26.74,Midmarket,6,France,E,Meat Ballz
PTE-13-E, Medium ,877.0,250.0,125.0,109625.0,9866.25,99758.75,105240.0,,2020-11-01,,,Enterprise,13,Mexico,E,Meat Ballz
TVG-21-C, Medium ,2071.0,260.0,350.0,724850.0,65236.5,659613.5,538460.0,121153.5,2020-09-01,16.71,18.37,Government,21,United States of America,C,Cotton Ballz
TVG-3-C, Medium ,1269.0,260.0,350.0,444150.0,39973.5,404176.5,329940.0,74236.5,2020-10-01,16.71,18.37,Government,3,Canada,C,Cotton Ballz
TMM-7-C, Medium ,970.0,260.0,15.0,14550.0,1309.5,13240.5,9700.0,3540.5,2021-03-01,24.33,26.74,Midmarket,7,Germany,C,Cotton Ballz
TVG-13-C, Medium ,1694.0,260.0,20.0,33880.0,3049.2,30830.8,16940.0,13890.8,2020-11-01,41.0,45.05,Government,13,Mexico,C,Cotton Ballz
TVG-7-V, Medium ,663.0,3.0,20.0,13260.0,1193.4,12066.6,6630.0,5436.6,2020-05-01,41.0,45.05,Government,7,Germany,V,Volley Ballz
TVG-3-V, Medium ,819.0,3.0,7.0,5733.0,515.97,5217.03,4095.0,1122.03,2020-07-01,19.57,21.51,Government,3,Canada,V,Volley Ballz
PHC-7-V, Medium ,1580.0,3.0,12.0,18960.0,1706.4,17253.6,4740.0,12513.6,2020-09-01,66.0,72.53,Channel Partners,7,Germany,V,Volley Ballz
TVG-13-V, Medium ,521.0,3.0,7.0,3647.0,328.23,3318.77,2605.0,713.77,2020-12-01,19.57,21.51,Government,13,Mexico,V,Volley Ballz
TVG-21-R, Medium ,973.0,10.0,20.0,19460.0,1751.4,17708.6,9730.0,7978.6,2020-03-01,41.0,45.05,Government,21,United States of America,R,Rapsa Ballz
TVG-13-R, Medium ,1038.0,10.0,20.0,20760.0,1868.4,18891.6,10380.0,8511.6,2020-06-01,41.0,45.05,Government,13,Mexico,R,Rapsa Ballz
TVG-7-R, Medium ,360.0,10.0,7.0,2520.0,226.8,2293.2,1800.0,493.2,2020-10-01,19.57,21.51,Government,7,Germany,R,Rapsa Ballz
PHC-6-B, Medium ,1967.0,120.0,12.0,23604.0,2124.36,21479.64,5901.0,15578.64,2020-03-01,66.0,72.53,Channel Partners,6,France,B,Basket Ballz
TMM-13-B, Medium ,2628.0,120.0,15.0,39420.0,3547.8,35872.2,26280.0,9592.2,2020-04-01,24.33,26.74,Midmarket,13,Mexico,B,Basket Ballz
TVG-7-E, Medium ,360.0,250.0,7.0,2520.0,226.8,2293.2,1800.0,493.2,2020-10-01,19.57,21.51,Government,7,Germany,E,Meat Ballz
TVG-6-E, Medium ,2682.0,250.0,20.0,53640.0,4827.6,48812.4,26820.0,21992.4,2021-03-01,41.0,45.05,Government,6,France,E,Meat Ballz
TVG-13-E, Medium ,521.0,250.0,7.0,3647.0,328.23,3318.77,2605.0,713.77,2020-12-01,19.57,21.51,Government,13,Mexico,E,Meat Ballz
TVG-13-C, Medium ,1038.0,260.0,20.0,20760.0,1868.4,18891.6,10380.0,8511.6,2020-06-01,41.0,45.05,Government,13,Mexico,C,Cotton Ballz
TMM-3-C, Medium ,1630.5,260.0,15.0,24457.5,2201.18,22256.33,16305.0,5951.33,2020-07-01,24.33,26.74,Midmarket,3,Canada,C,Cotton Ballz
PHC-6-C, Medium ,306.0,260.0,12.0,3672.0,330.48,3341.52,918.0,2423.52,2021-04-01,66.0,72.53,Channel Partners,6,France,C,Cotton Ballz
PHC-21-V, High ,386.0,3.0,12.0,4632.0,463.2,4168.8,1158.0,3010.8,2021-02-01,65.0,72.22,Channel Partners,21,United States of America,V,Volley Ballz
TVG-21-O, High ,2328.0,5.0,7.0,16296.0,1629.6,14666.4,11640.0,3026.4,2020-09-01,18.57,20.63,Government,21,United States of America,O,Moth Ballz
PHC-21-R, High ,386.0,10.0,12.0,4632.0,463.2,4168.8,1158.0,3010.8,2021-02-01,65.0,72.22,Channel Partners,21,United States of America,R,Rapsa Ballz
PTE-21-V, High ,3445.5,3.0,125.0,430687.5,43068.75,387618.75,413460.0,,2020-04-01,,,Enterprise,21,United States of America,V,Volley Ballz
PTE-6-V, High ,1482.0,3.0,125.0,185250.0,18525.0,166725.0,177840.0,,2021-04-01,,,Enterprise,6,France,V,Volley Ballz
TVG-21-O, High ,2313.0,5.0,350.0,809550.0,80955.0,728595.0,601380.0,127215.0,2020-05-01,15.71,17.46,Government,21,United States of America,O,Moth Ballz
PTE-21-O, High ,1804.0,5.0,125.0,225500.0,22550.0,202950.0,216480.0,,2021-03-01,,,Enterprise,21,United States of America,O,Moth Ballz
TMM-6-O, High ,2072.0,5.0,15.0,31080.0,3108.0,27972.0,20720.0,7252.0,2020-12-01,23.33,25.93,Midmarket,6,France,O,Moth Ballz
TVG-6-R, High ,1954.0,10.0,20.0,39080.0,3908.0,35172.0,19540.0,15632.0,2020-03-01,40.0,44.44,Government,6,France,R,Rapsa Ballz
SBS-13-R, High ,591.0,10.0,300.0,177300.0,17730.0,159570.0,147750.0,11820.0,2020-05-01,6.67,7.41,Small Business,13,Mexico,R,Rapsa Ballz
TMM-6-R, High ,2167.0,10.0,15.0,32505.0,3250.5,29254.5,21670.0,7584.5,2021-02-01,23.33,25.93,Midmarket,6,France,R,Rapsa Ballz
TVG-7-R, High ,241.0,10.0,20.0,4820.0,482.0,4338.0,2410.0,1928.0,2020-10-01,40.0,44.44,Government,7,Germany,R,Rapsa Ballz
TMM-7-B, High ,681.0,120.0,15.0,10215.0,1021.5,9193.5,6810.0,2383.5,2020-01-01,23.33,25.93,Midmarket,7,Germany,B,Basket Ballz
TMM-7-B, High ,510.0,120.0,15.0,7650.0,765.0,6885.0,5100.0,1785.0,2020-04-01,23.33,25.93,Midmarket,7,Germany,B,Basket Ballz
TMM-21-B, High ,790.0,120.0,15.0,11850.0,1185.0,10665.0,7900.0,2765.0,2020-05-01,23.33,25.93,Midmarket,21,United States of America,B,Basket Ballz
TVG-6-B, High ,639.0,120.0,350.0,223650.0,22365.0,201285.0,166140.0,35145.0,2020-07-01,15.71,17.46,Government,6,France,B,Basket Ballz
PTE-21-B, High ,1596.0,120.0,125.0,199500.0,19950.0,179550.0,191520.0,,2020-09-01,,,Enterprise,21,United States of America,B,Basket Ballz
SBS-21-B, High ,2294.0,120.0,300.0,688200.0,68820.0,619380.0,573500.0,45880.0,2021-02-01,6.67,7.41,Small Business,21,United States of America,B,Basket Ballz
TVG-7-B, High ,241.0,120.0,20.0,4820.0,482.0,4338.0,2410.0,1928.0,2020-10-01,40.0,44.44,Government,7,Germany,B,Basket Ballz
TVG-7-B, High ,2665.0,120.0,7.0,18655.0,1865.5,16789.5,13325.0,3464.5,2020-11-01,18.57,20.63,Government,7,Germany,B,Basket Ballz
PTE-3-B, High ,1916.0,120.0,125.0,239500.0,23950.0,215550.0,229920.0,,2021-04-01,,,Enterprise,3,Canada,B,Basket Ballz
SBS-6-B, High ,853.0,120.0,300.0,255900.0,25590.0,230310.0,213250.0,17060.0,2020-12-01,6.67,7.41,Small Business,6,France,B,Basket Ballz
PTE-13-E, High ,341.0,250.0,125.0,42625.0,4262.5,38362.5,40920.0,,2020-05-01,,,Enterprise,13,Mexico,E,Meat Ballz
TMM-13-E, High ,641.0,250.0,15.0,9615.0,961.5,8653.5,6410.0,2243.5,2020-07-01,23.33,25.93,Midmarket,13,Mexico,E,Meat Ballz
TVG-21-E, High ,2807.0,250.0,350.0,982450.0,98245.0,884205.0,729820.0,154385.0,2020-08-01,15.71,17.46,Government,21,United States of America,E,Meat Ballz
SBS-13-E, High ,432.0,250.0,300.0,129600.0,12960.0,116640.0,108000.0,8640.0,2020-09-01,6.67,7.41,Small Business,13,Mexico,E,Meat Ballz
SBS-21-E, High ,2294.0,250.0,300.0,688200.0,68820.0,619380.0,573500.0,45880.0,2021-02-01,6.67,7.41,Small Business,21,United States of America,E,Meat Ballz
TMM-6-E, High ,2167.0,250.0,15.0,32505.0,3250.5,29254.5,21670.0,7584.5,2021-02-01,23.33,25.93,Midmarket,6,France,E,Meat Ballz
PTE-3-E, High ,2529.0,250.0,125.0,316125.0,31612.5,284512.5,303480.0,,2020-11-01,,,Enterprise,3,Canada,E,Meat Ballz
TVG-7-E, High ,1870.0,250.0,350.0,654500.0,65450.0,589050.0,486200.0,102850.0,2021-04-01,15.71,17.46,Government,7,Germany,E,Meat Ballz
PTE-21-C, High ,579.0,260.0,125.0,72375.0,7237.5,65137.5,69480.0,,2020-01-01,,,Enterprise,21,United States of America,C,Cotton Ballz
TVG-3-C, High ,2240.0,260.0,350.0,784000.0,78400.0,705600.0,582400.0,123200.0,2020-02-01,15.71,17.46,Government,3,Canada,C,Cotton Ballz
SBS-21-C, High ,2993.0,260.0,300.0,897900.0,89790.0,808110.0,748250.0,59860.0,2020-03-01,6.67,7.41,Small Business,21,United States of America,C,Cotton Ballz
PHC-3-C, High ,3520.5,260.0,12.0,42246.0,4224.6,38021.4,10561.5,27459.9,2020-04-01,65.0,72.22,Channel Partners,3,Canada,C,Cotton Ballz
TVG-13-C, High ,2039.0,260.0,20.0,40780.0,4078.0,36702.0,20390.0,16312.0,2020-05-01,40.0,44.44,Government,13,Mexico,C,Cotton Ballz
PHC-7-C, High ,2574.0,260.0,12.0,30888.0,3088.8,27799.2,7722.0,20077.2,2020-08-01,65.0,72.22,Channel Partners,7,Germany,C,Cotton Ballz
TVG-3-C, High ,707.0,260.0,350.0,247450.0,24745.0,222705.0,183820.0,38885.0,2020-09-01,15.71,17.46,Government,3,Canada,C,Cotton Ballz
TMM-6-C, High ,2072.0,260.0,15.0,31080.0,3108.0,27972.0,20720.0,7252.0,2020-12-01,23.33,25.93,Midmarket,6,France,C,Cotton Ballz
SBS-6-C, High ,853.0,260.0,300.0,255900.0,25590.0,230310.0,213250.0,17060.0,2020-12-01,6.67,7.41,Small Business,6,France,C,Cotton Ballz
PHC-6-V, High ,1198.0,3.0,12.0,14376.0,1581.36,12794.64,3594.0,9200.64,2021-02-01,64.0,71.91,Channel Partners,6,France,V,Volley Ballz
TVG-6-R, High ,2532.0,10.0,7.0,17724.0,1949.64,15774.36,12660.0,3114.36,2020-04-01,17.57,19.74,Government,6,France,R,Rapsa Ballz
PHC-6-R, High ,1198.0,10.0,12.0,14376.0,1581.36,12794.64,3594.0,9200.64,2021-02-01,64.0,71.91,Channel Partners,6,France,R,Rapsa Ballz
TMM-3-B, High ,384.0,120.0,15.0,5760.0,633.6,5126.4,3840.0,1286.4,2020-01-01,22.33,25.09,Midmarket,3,Canada,B,Basket Ballz
PHC-7-B, High ,472.0,120.0,12.0,5664.0,623.04,5040.96,1416.0,3624.96,2020-10-01,64.0,71.91,Channel Partners,7,Germany,B,Basket Ballz
TVG-21-E, High ,1579.0,250.0,7.0,11053.0,1215.83,9837.17,7895.0,1942.17,2020-03-01,17.57,19.74,Government,21,United States of America,E,Meat Ballz
PHC-13-E, High ,1005.0,250.0,12.0,12060.0,1326.6,10733.4,3015.0,7718.4,2021-01-01,64.0,71.91,Channel Partners,13,Mexico,E,Meat Ballz
TMM-21-C, High ,3199.5,260.0,15.0,47992.5,5279.18,42713.33,31995.0,10718.33,2020-07-01,22.33,25.09,Midmarket,21,United States of America,C,Cotton Ballz
PHC-7-C, High ,472.0,260.0,12.0,5664.0,623.04,5040.96,1416.0,3624.96,2020-10-01,64.0,71.91,Channel Partners,7,Germany,C,Cotton Ballz
PHC-3-V, High ,1937.0,3.0,12.0,23244.0,2556.84,20687.16,5811.0,14876.16,2020-02-01,64.0,71.91,Channel Partners,3,Canada,V,Volley Ballz
TVG-7-V, High ,792.0,3.0,350.0,277200.0,30492.0,246708.0,205920.0,40788.0,2020-03-01,14.71,16.53,Government,7,Germany,V,Volley Ballz
SBS-7-V, High ,2811.0,3.0,300.0,843300.0,92763.0,750537.0,702750.0,47787.0,2020-07-01,5.67,6.37,Small Business,7,Germany,V,Volley Ballz
PTE-6-V, High ,2441.0,3.0,125.0,305125.0,33563.75,271561.25,292920.0,,2020-10-01,,,Enterprise,6,France,V,Volley Ballz
TMM-3-V, High ,1560.0,3.0,15.0,23400.0,2574.0,20826.0,15600.0,5226.0,2021-03-01,22.33,25.09,Midmarket,3,Canada,V,Volley Ballz
TVG-13-V, High ,2706.0,3.0,7.0,18942.0,2083.62,16858.38,13530.0,3328.38,2021-03-01,17.57,19.74,Government,13,Mexico,V,Volley Ballz
TVG-7-O, High ,766.0,5.0,350.0,268100.0,29491.0,238609.0,199160.0,39449.0,2020-01-01,14.71,16.53,Government,7,Germany,O,Moth Ballz
TVG-7-O, High ,2992.0,5.0,20.0,59840.0,6582.4,53257.6,29920.0,23337.6,2021-02-01,39.0,43.82,Government,7,Germany,O,Moth Ballz
TMM-13-O, High ,2157.0,5.0,15.0,32355.0,3559.05,28795.95,21570.0,7225.95,2020-12-01,22.33,25.09,Midmarket,13,Mexico,O,Moth Ballz
SBS-3-R, High ,873.0,10.0,300.0,261900.0,28809.0,233091.0,218250.0,14841.0,2020-01-01,5.67,6.37,Small Business,3,Canada,R,Rapsa Ballz
TVG-13-R, High ,1122.0,10.0,20.0,22440.0,2468.4,19971.6,11220.0,8751.6,2020-03-01,39.0,43.82,Government,13,Mexico,R,Rapsa Ballz
TVG-3-R, High ,2104.5,10.0,350.0,736575.0,81023.25,655551.75,547170.0,108381.75,2020-07-01,14.71,16.53,Government,3,Canada,R,Rapsa Ballz
PHC-3-R, High ,4026.0,10.0,12.0,48312.0,5314.32,42997.68,12078.0,30919.68,2020-07-01,64.0,71.91,Channel Partners,3,Canada,R,Rapsa Ballz
PHC-6-R, High ,2425.5,10.0,12.0,29106.0,3201.66,25904.34,7276.5,18627.84,2020-07-01,64.0,71.91,Channel Partners,6,France,R,Rapsa Ballz
TVG-3-R, High ,2394.0,10.0,20.0,47880.0,5266.8,42613.2,23940.0,18673.2,2020-08-01,39.0,43.82,Government,3,Canada,R,Rapsa Ballz
TMM-13-R, High ,1984.0,10.0,15.0,29760.0,3273.6,26486.4,19840.0,6646.4,2020-08-01,22.33,25.09,Midmarket,13,Mexico,R,Rapsa Ballz
PTE-6-R, High ,2441.0,10.0,125.0,305125.0,33563.75,271561.25,292920.0,,2020-10-01,,,Enterprise,6,France,R,Rapsa Ballz
TVG-7-R, High ,2992.0,10.0,20.0,59840.0,6582.4,53257.6,29920.0,23337.6,2021-02-01,39.0,43.82,Government,7,Germany,R,Rapsa Ballz
SBS-3-R, High ,1366.0,10.0,300.0,409800.0,45078.0,364722.0,341500.0,23222.0,2020-11-01,5.67,6.37,Small Business,3,Canada,R,Rapsa Ballz
TVG-6-B, High ,2805.0,120.0,20.0,56100.0,6171.0,49929.0,28050.0,21879.0,2021-01-01,39.0,43.82,Government,6,France,B,Basket Ballz
TMM-13-B, High ,655.0,120.0,15.0,9825.0,1080.75,8744.25,6550.0,2194.25,2021-01-01,22.33,25.09,Midmarket,13,Mexico,B,Basket Ballz
TVG-13-B, High ,344.0,120.0,350.0,120400.0,13244.0,107156.0,89440.0,17716.0,2021-02-01,14.71,16.53,Government,13,Mexico,B,Basket Ballz
TVG-3-B, High ,1808.0,120.0,7.0,12656.0,1392.16,11263.84,9040.0,2223.84,2020-11-01,17.57,19.74,Government,3,Canada,B,Basket Ballz
PHC-6-E, High ,1734.0,250.0,12.0,20808.0,2288.88,18519.12,5202.0,13317.12,2020-01-01,64.0,71.91,Channel Partners,6,France,E,Meat Ballz
PTE-13-E, High ,554.0,250.0,125.0,69250.0,7617.5,61632.5,66480.0,,2020-01-01,,,Enterprise,13,Mexico,E,Meat Ballz
TVG-3-E, High ,2935.0,250.0,20.0,58700.0,6457.0,52243.0,29350.0,22893.0,2021-03-01,39.0,43.82,Government,3,Canada,E,Meat Ballz
PTE-7-C, High ,3165.0,260.0,125.0,395625.0,43518.75,352106.25,379800.0,,2020-01-01,,,Enterprise,7,Germany,C,Cotton Ballz
TVG-13-C, High ,2629.0,260.0,20.0,52580.0,5783.8,46796.2,26290.0,20506.2,2020-01-01,39.0,43.82,Government,13,Mexico,C,Cotton Ballz
PTE-6-C, High ,1433.0,260.0,125.0,179125.0,19703.75,159421.25,171960.0,,2020-05-01,,,Enterprise,6,France,C,Cotton Ballz
PTE-13-C, High ,947.0,260.0,125.0,118375.0,13021.25,105353.75,113640.0,,2021-01-01,,,Enterprise,13,Mexico,C,Cotton Ballz
TVG-13-C, High ,344.0,260.0,350.0,120400.0,13244.0,107156.0,89440.0,17716.0,2021-02-01,14.71,16.53,Government,13,Mexico,C,Cotton Ballz
TMM-13-C, High ,2157.0,260.0,15.0,32355.0,3559.05,28795.95,21570.0,7225.95,2020-12-01,22.33,25.09,Midmarket,13,Mexico,C,Cotton Ballz
TVG-21-R, High ,380.0,10.0,7.0,2660.0,292.6,2367.4,1900.0,467.4,2021-01-01,17.57,19.74,Government,21,United States of America,R,Rapsa Ballz
TVG-13-V, High ,886.0,3.0,350.0,310100.0,37212.0,272888.0,230360.0,42528.0,2020-06-01,13.71,15.58,Government,13,Mexico,V,Volley Ballz
PTE-3-V, High ,2416.0,3.0,125.0,302000.0,36240.0,265760.0,289920.0,,2021-01-01,,,Enterprise,3,Canada,V,Volley Ballz
PTE-13-V, High ,2156.0,3.0,125.0,269500.0,32340.0,237160.0,258720.0,,2020-10-01,,,Enterprise,13,Mexico,V,Volley Ballz
TMM-3-V, High ,2689.0,3.0,15.0,40335.0,4840.2,35494.8,26890.0,8604.8,2020-11-01,21.33,24.24,Midmarket,3,Canada,V,Volley Ballz
TMM-21-O, High ,677.0,5.0,15.0,10155.0,1218.6,8936.4,6770.0,2166.4,2020-03-01,21.33,24.24,Midmarket,21,United States of America,O,Moth Ballz
SBS-6-O, High ,1773.0,5.0,300.0,531900.0,63828.0,468072.0,443250.0,24822.0,2020-04-01,4.67,5.3,Small Business,6,France,O,Moth Ballz
TVG-13-O, High ,2420.0,5.0,7.0,16940.0,2032.8,14907.2,12100.0,2807.2,2020-09-01,16.57,18.83,Government,13,Mexico,O,Moth Ballz
TVG-3-O, High ,2734.0,5.0,7.0,19138.0,2296.56,16841.44,13670.0,3171.44,2020-10-01,16.57,18.83,Government,3,Canada,O,Moth Ballz
TVG-13-O, High ,1715.0,5.0,20.0,34300.0,4116.0,30184.0,17150.0,13034.0,2021-02-01,38.0,43.18,Government,13,Mexico,O,Moth Ballz
SBS-6-O, High ,1186.0,5.0,300.0,355800.0,42696.0,313104.0,296500.0,16604.0,2021-04-01,4.67,5.3,Small Business,6,France,O,Moth Ballz
SBS-21-R, High ,3495.0,10.0,300.0,1048500.0,125820.0,922680.0,873750.0,48930.0,2020-01-01,4.67,5.3,Small Business,21,United States of America,R,Rapsa Ballz
TVG-13-R, High ,886.0,10.0,350.0,310100.0,37212.0,272888.0,230360.0,42528.0,2020-06-01,13.71,15.58,Government,13,Mexico,R,Rapsa Ballz
PTE-13-R, High ,2156.0,10.0,125.0,269500.0,32340.0,237160.0,258720.0,,2020-10-01,,,Enterprise,13,Mexico,R,Rapsa Ballz
TVG-13-R, High ,905.0,10.0,20.0,18100.0,2172.0,15928.0,9050.0,6878.0,2020-10-01,38.0,43.18,Government,13,Mexico,R,Rapsa Ballz
TVG-13-R, High ,1715.0,10.0,20.0,34300.0,4116.0,30184.0,17150.0,13034.0,2021-02-01,38.0,43.18,Government,13,Mexico,R,Rapsa Ballz
TVG-6-R, High ,1594.0,10.0,350.0,557900.0,66948.0,490952.0,414440.0,76512.0,2020-11-01,13.71,15.58,Government,6,France,R,Rapsa Ballz
SBS-7-R, High ,1359.0,10.0,300.0,407700.0,48924.0,358776.0,339750.0,19026.0,2020-11-01,4.67,5.3,Small Business,7,Germany,R,Rapsa Ballz
SBS-13-R, High ,2150.0,10.0,300.0,645000.0,77400.0,567600.0,537500.0,30100.0,2020-11-01,4.67,5.3,Small Business,13,Mexico,R,Rapsa Ballz
TVG-13-R, High ,1197.0,10.0,350.0,418950.0,50274.0,368676.0,311220.0,57456.0,2020-11-01,13.71,15.58,Government,13,Mexico,R,Rapsa Ballz
TMM-13-R, High ,380.0,10.0,15.0,5700.0,684.0,5016.0,3800.0,1216.0,2021-04-01,21.33,24.24,Midmarket,13,Mexico,R,Rapsa Ballz
TVG-13-R, High ,1233.0,10.0,20.0,24660.0,2959.2,21700.8,12330.0,9370.8,2020-12-01,38.0,43.18,Government,13,Mexico,R,Rapsa Ballz
TVG-13-B, High ,1395.0,120.0,350.0,488250.0,58590.0,429660.0,362700.0,66960.0,2020-07-01,13.71,15.58,Government,13,Mexico,B,Basket Ballz
TVG-21-B, High ,986.0,120.0,350.0,345100.0,41412.0,303688.0,256360.0,47328.0,2020-10-01,13.71,15.58,Government,21,United States of America,B,Basket Ballz
TVG-13-B, High ,905.0,120.0,20.0,18100.0,2172.0,15928.0,9050.0,6878.0,2020-10-01,38.0,43.18,Government,13,Mexico,B,Basket Ballz
PHC-3-E, High ,2109.0,250.0,12.0,25308.0,3036.96,22271.04,6327.0,15944.04,2020-05-01,63.0,71.59,Channel Partners,3,Canada,E,Meat Ballz
TMM-6-E, High ,3874.5,250.0,15.0,58117.5,6974.1,51143.4,38745.0,12398.4,2020-07-01,21.33,24.24,Midmarket,6,France,E,Meat Ballz
TVG-3-E, High ,623.0,250.0,350.0,218050.0,26166.0,191884.0,161980.0,29904.0,2021-01-01,13.71,15.58,Government,3,Canada,E,Meat Ballz
TVG-21-E, High ,986.0,250.0,350.0,345100.0,41412.0,303688.0,256360.0,47328.0,2020-10-01,13.71,15.58,Government,21,United States of America,E,Meat Ballz
PTE-21-E, High ,2387.0,250.0,125.0,298375.0,35805.0,262570.0,286440.0,,2020-11-01,,,Enterprise,21,United States of America,E,Meat Ballz
TVG-13-E, High ,1233.0,250.0,20.0,24660.0,2959.2,21700.8,12330.0,9370.8,2020-12-01,38.0,43.18,Government,13,Mexico,E,Meat Ballz
TVG-21-C, High ,270.0,260.0,350.0,94500.0,11340.0,83160.0,70200.0,12960.0,2020-02-01,13.71,15.58,Government,21,United States of America,C,Cotton Ballz
TVG-6-C, High ,3421.5,260.0,7.0,23950.5,2874.06,21076.44,17107.5,3968.94,2020-07-01,16.57,18.83,Government,6,France,C,Cotton Ballz
TVG-3-C, High ,2734.0,260.0,7.0,19138.0,2296.56,16841.44,13670.0,3171.44,2020-10-01,16.57,18.83,Government,3,Canada,C,Cotton Ballz
TMM-21-C, High ,2548.0,260.0,15.0,38220.0,4586.4,33633.6,25480.0,8153.6,2021-03-01,21.33,24.24,Midmarket,21,United States of America,C,Cotton Ballz
TVG-6-V, High ,2521.5,3.0,20.0,50430.0,6051.6,44378.4,25215.0,19163.4,2020-01-01,38.0,43.18,Government,6,France,V,Volley Ballz
PHC-13-O, High ,2661.0,5.0,12.0,31932.0,3831.84,28100.16,7983.0,20117.16,2020-05-01,63.0,71.59,Channel Partners,13,Mexico,O,Moth Ballz
TVG-7-R, High ,1531.0,10.0,20.0,30620.0,3674.4,26945.6,15310.0,11635.6,2020-12-01,38.0,43.18,Government,7,Germany,R,Rapsa Ballz
TVG-6-E, High ,1491.0,250.0,7.0,10437.0,1252.44,9184.56,7455.0,1729.56,2020-03-01,16.57,18.83,Government,6,France,E,Meat Ballz
TVG-7-E, High ,1531.0,250.0,20.0,30620.0,3674.4,26945.6,15310.0,11635.6,2020-12-01,38.0,43.18,Government,7,Germany,E,Meat Ballz
PHC-3-C, High ,2761.0,260.0,12.0,33132.0,3975.84,29156.16,8283.0,20873.16,2021-01-01,63.0,71.59,Channel Partners,3,Canada,C,Cotton Ballz
TMM-21-V, High ,2567.0,3.0,15.0,38505.0,5005.65,33499.35,25670.0,7829.35,2020-06-01,20.33,23.37,Midmarket,21,United States of America,V,Volley Ballz
TMM-21-E, High ,2567.0,250.0,15.0,38505.0,5005.65,33499.35,25670.0,7829.35,2020-06-01,20.33,23.37,Midmarket,21,United States of America,E,Meat Ballz
TVG-3-V, High ,923.0,3.0,350.0,323050.0,41996.5,281053.5,239980.0,41073.5,2020-03-01,12.71,14.61,Government,3,Canada,V,Volley Ballz
TVG-6-V, High ,1790.0,3.0,350.0,626500.0,81445.0,545055.0,465400.0,79655.0,2020-03-01,12.71,14.61,Government,6,France,V,Volley Ballz
TVG-7-V, High ,442.0,3.0,20.0,8840.0,1149.2,7690.8,4420.0,3270.8,2021-01-01,37.0,42.53,Government,7,Germany,V,Volley Ballz
TVG-21-O, High ,982.5,5.0,350.0,343875.0,44703.75,299171.25,255450.0,43721.25,2020-01-01,12.71,14.61,Government,21,United States of America,O,Moth Ballz
TVG-21-O, High ,1298.0,5.0,7.0,9086.0,1181.18,7904.82,6490.0,1414.82,2020-02-01,15.57,17.9,Government,21,United States of America,O,Moth Ballz
PHC-13-O, High ,604.0,5.0,12.0,7248.0,942.24,6305.76,1812.0,4493.76,2020-06-01,62.0,71.26,Channel Partners,13,Mexico,O,Moth Ballz
TVG-13-O, High ,2255.0,5.0,20.0,45100.0,5863.0,39237.0,22550.0,16687.0,2020-07-01,37.0,42.53,Government,13,Mexico,O,Moth Ballz
TVG-3-O, High ,1249.0,5.0,20.0,24980.0,3247.4,21732.6,12490.0,9242.6,2020-10-01,37.0,42.53,Government,3,Canada,O,Moth Ballz
TVG-21-R, High ,1438.5,10.0,7.0,10069.5,1309.04,8760.47,7192.5,1567.97,2020-01-01,15.57,17.9,Government,21,United States of America,R,Rapsa Ballz
SBS-7-R, High ,807.0,10.0,300.0,242100.0,31473.0,210627.0,201750.0,8877.0,2020-01-01,3.67,4.21,Small Business,7,Germany,R,Rapsa Ballz
TVG-21-R, High ,2641.0,10.0,20.0,52820.0,6866.6,45953.4,26410.0,19543.4,2020-02-01,37.0,42.53,Government,21,United States of America,R,Rapsa Ballz
TVG-7-R, High ,2708.0,10.0,20.0,54160.0,7040.8,47119.2,27080.0,20039.2,2020-02-01,37.0,42.53,Government,7,Germany,R,Rapsa Ballz
TVG-3-R, High ,2632.0,10.0,350.0,921200.0,119756.0,801444.0,684320.0,117124.0,2020-06-01,12.71,14.61,Government,3,Canada,R,Rapsa Ballz
PTE-3-R, High ,1583.0,10.0,125.0,197875.0,25723.75,172151.25,189960.0,,2020-06-01,,,Enterprise,3,Canada,R,Rapsa Ballz
PHC-13-R, High ,571.0,10.0,12.0,6852.0,890.76,5961.24,1713.0,4248.24,2020-07-01,62.0,71.26,Channel Partners,13,Mexico,R,Rapsa Ballz
TVG-6-R, High ,2696.0,10.0,7.0,18872.0,2453.36,16418.64,13480.0,2938.64,2020-08-01,15.57,17.9,Government,6,France,R,Rapsa Ballz
TMM-3-R, High ,1565.0,10.0,15.0,23475.0,3051.75,20423.25,15650.0,4773.25,2020-10-01,20.33,23.37,Midmarket,3,Canada,R,Rapsa Ballz
TVG-3-R, High ,1249.0,10.0,20.0,24980.0,3247.4,21732.6,12490.0,9242.6,2020-10-01,37.0,42.53,Government,3,Canada,R,Rapsa Ballz
TVG-7-R, High ,357.0,10.0,350.0,124950.0,16243.5,108706.5,92820.0,15886.5,2020-11-01,12.71,14.61,Government,7,Germany,R,Rapsa Ballz
PHC-7-R, High ,1013.0,10.0,12.0,12156.0,1580.28,10575.72,3039.0,7536.72,2020-12-01,62.0,71.26,Channel Partners,7,Germany,R,Rapsa Ballz
TMM-6-B, High ,3997.5,120.0,15.0,59962.5,7795.13,52167.38,39975.0,12192.38,2020-01-01,20.33,23.37,Midmarket,6,France,B,Basket Ballz
TVG-3-B, High ,2632.0,120.0,350.0,921200.0,119756.0,801444.0,684320.0,117124.0,2020-06-01,12.71,14.61,Government,3,Canada,B,Basket Ballz
TVG-6-B, High ,1190.0,120.0,7.0,8330.0,1082.9,7247.1,5950.0,1297.1,2020-06-01,15.57,17.9,Government,6,France,B,Basket Ballz
PHC-13-B, High ,604.0,120.0,12.0,7248.0,942.24,6305.76,1812.0,4493.76,2020-06-01,62.0,71.26,Channel Partners,13,Mexico,B,Basket Ballz
TMM-7-B, High ,660.0,120.0,15.0,9900.0,1287.0,8613.0,6600.0,2013.0,2021-01-01,20.33,23.37,Midmarket,7,Germany,B,Basket Ballz
PHC-13-B, High ,410.0,120.0,12.0,4920.0,639.6,4280.4,1230.0,3050.4,2020-10-01,62.0,71.26,Channel Partners,13,Mexico,B,Basket Ballz
SBS-13-B, High ,2605.0,120.0,300.0,781500.0,101595.0,679905.0,651250.0,28655.0,2021-03-01,3.67,4.21,Small Business,13,Mexico,B,Basket Ballz
PHC-7-B, High ,1013.0,120.0,12.0,12156.0,1580.28,10575.72,3039.0,7536.72,2020-12-01,62.0,71.26,Channel Partners,7,Germany,B,Basket Ballz
PTE-3-E, High ,1583.0,250.0,125.0,197875.0,25723.75,172151.25,189960.0,,2020-06-01,,,Enterprise,3,Canada,E,Meat Ballz
TMM-3-E, High ,1565.0,250.0,15.0,23475.0,3051.75,20423.25,15650.0,4773.25,2020-10-01,20.33,23.37,Midmarket,3,Canada,E,Meat Ballz
PTE-3-C, High ,1659.0,260.0,125.0,207375.0,26958.75,180416.25,199080.0,,2020-01-01,,,Enterprise,3,Canada,C,Cotton Ballz
TVG-6-C, High ,1190.0,260.0,7.0,8330.0,1082.9,7247.1,5950.0,1297.1,2020-06-01,15.57,17.9,Government,6,France,C,Cotton Ballz
PHC-13-C, High ,410.0,260.0,12.0,4920.0,639.6,4280.4,1230.0,3050.4,2020-10-01,62.0,71.26,Channel Partners,13,Mexico,C,Cotton Ballz
PHC-7-C, High ,1770.0,260.0,12.0,21240.0,2761.2,18478.8,5310.0,13168.8,2021-04-01,62.0,71.26,Channel Partners,7,Germany,C,Cotton Ballz
TVG-13-V, High ,2579.0,3.0,20.0,51580.0,7221.2,44358.8,25790.0,18568.8,2020-04-01,36.0,41.86,Government,13,Mexico,V,Volley Ballz
TVG-21-V, High ,1743.0,3.0,20.0,34860.0,4880.4,29979.6,17430.0,12549.6,2020-05-01,36.0,41.86,Government,21,United States of America,V,Volley Ballz
TVG-21-V, High ,2996.0,3.0,7.0,20972.0,2936.08,18035.92,14980.0,3055.92,2021-02-01,14.57,16.94,Government,21,United States of America,V,Volley Ballz
TVG-7-V, High ,280.0,3.0,7.0,1960.0,274.4,1685.6,1400.0,285.6,2020-12-01,14.57,16.94,Government,7,Germany,V,Volley Ballz
TVG-6-O, High ,293.0,5.0,7.0,2051.0,287.14,1763.86,1465.0,298.86,2020-02-01,14.57,16.94,Government,6,France,O,Moth Ballz
TVG-21-O, High ,2996.0,5.0,7.0,20972.0,2936.08,18035.92,14980.0,3055.92,2021-02-01,14.57,16.94,Government,21,United States of America,O,Moth Ballz
TMM-7-R, High ,278.0,10.0,15.0,4170.0,583.8,3586.2,2780.0,806.2,2020-02-01,19.33,22.48,Midmarket,7,Germany,R,Rapsa Ballz
TVG-3-R, High ,2428.0,10.0,20.0,48560.0,6798.4,41761.6,24280.0,17481.6,2020-03-01,36.0,41.86,Government,3,Canada,R,Rapsa Ballz
TMM-21-R, High ,1767.0,10.0,15.0,26505.0,3710.7,22794.3,17670.0,5124.3,2020-09-01,19.33,22.48,Midmarket,21,United States of America,R,Rapsa Ballz
PHC-6-R, High ,1393.0,10.0,12.0,16716.0,2340.24,14375.76,4179.0,10196.76,2020-10-01,61.0,70.93,Channel Partners,6,France,R,Rapsa Ballz
TVG-7-E, High ,280.0,250.0,7.0,1960.0,274.4,1685.6,1400.0,285.6,2020-12-01,14.57,16.94,Government,7,Germany,E,Meat Ballz
PHC-6-C, High ,1393.0,260.0,12.0,16716.0,2340.24,14375.76,4179.0,10196.76,2020-10-01,61.0,70.93,Channel Partners,6,France,C,Cotton Ballz
PHC-21-C, High ,2015.0,260.0,12.0,24180.0,3385.2,20794.8,6045.0,14749.8,2021-04-01,61.0,70.93,Channel Partners,21,United States of America,C,Cotton Ballz
SBS-13-V, High ,801.0,3.0,300.0,240300.0,33642.0,206658.0,200250.0,6408.0,2020-07-01,2.67,3.1,Small Business,13,Mexico,V,Volley Ballz
PTE-6-V, High ,1023.0,3.0,125.0,127875.0,17902.5,109972.5,122760.0,,2021-01-01,,,Enterprise,6,France,V,Volley Ballz
SBS-3-V, High ,1496.0,3.0,300.0,448800.0,62832.0,385968.0,374000.0,11968.0,2020-10-01,2.67,3.1,Small Business,3,Canada,V,Volley Ballz
SBS-21-V, High ,1010.0,3.0,300.0,303000.0,42420.0,260580.0,252500.0,8080.0,2020-10-01,2.67,3.1,Small Business,21,United States of America,V,Volley Ballz
TMM-7-V, High ,1513.0,3.0,15.0,22695.0,3177.3,19517.7,15130.0,4387.7,2020-11-01,19.33,22.48,Midmarket,7,Germany,V,Volley Ballz
TMM-3-V, High ,2300.0,3.0,15.0,34500.0,4830.0,29670.0,23000.0,6670.0,2020-12-01,19.33,22.48,Midmarket,3,Canada,V,Volley Ballz
PTE-13-V, High ,2821.0,3.0,125.0,352625.0,49367.5,303257.5,338520.0,,2021-04-01,,,Enterprise,13,Mexico,V,Volley Ballz
TVG-3-O, High ,2227.5,5.0,350.0,779625.0,109147.5,670477.5,579150.0,91327.5,2020-01-01,11.71,13.62,Government,3,Canada,O,Moth Ballz
TVG-7-O, High ,1199.0,5.0,350.0,419650.0,58751.0,360899.0,311740.0,49159.0,2020-04-01,11.71,13.62,Government,7,Germany,O,Moth Ballz
TVG-3-O, High ,200.0,5.0,350.0,70000.0,9800.0,60200.0,52000.0,8200.0,2020-05-01,11.71,13.62,Government,3,Canada,O,Moth Ballz
TVG-3-O, High ,388.0,5.0,7.0,2716.0,380.24,2335.76,1940.0,395.76,2020-09-01,14.57,16.94,Government,3,Canada,O,Moth Ballz
TVG-13-O, High ,1727.0,5.0,7.0,12089.0,1692.46,10396.54,8635.0,1761.54,2021-02-01,14.57,16.94,Government,13,Mexico,O,Moth Ballz
TMM-3-O, High ,2300.0,5.0,15.0,34500.0,4830.0,29670.0,23000.0,6670.0,2020-12-01,19.33,22.48,Midmarket,3,Canada,O,Moth Ballz
TVG-13-R, High ,260.0,10.0,20.0,5200.0,728.0,4472.0,2600.0,1872.0,2020-02-01,36.0,41.86,Government,13,Mexico,R,Rapsa Ballz
TMM-3-R, High ,2470.0,10.0,15.0,37050.0,5187.0,31863.0,24700.0,7163.0,2021-01-01,19.33,22.48,Midmarket,3,Canada,R,Rapsa Ballz
TMM-3-R, High ,1743.0,10.0,15.0,26145.0,3660.3,22484.7,17430.0,5054.7,2021-02-01,19.33,22.48,Midmarket,3,Canada,R,Rapsa Ballz
PHC-21-R, High ,2914.0,10.0,12.0,34968.0,4895.52,30072.48,8742.0,21330.48,2020-10-01,61.0,70.93,Channel Partners,21,United States of America,R,Rapsa Ballz
TVG-6-R, High ,1731.0,10.0,7.0,12117.0,1696.38,10420.62,8655.0,1765.62,2020-10-01,14.57,16.94,Government,6,France,R,Rapsa Ballz
TVG-3-R, High ,700.0,10.0,350.0,245000.0,34300.0,210700.0,182000.0,28700.0,2020-11-01,11.71,13.62,Government,3,Canada,R,Rapsa Ballz
PHC-3-R, High ,2222.0,10.0,12.0,26664.0,3732.96,22931.04,6666.0,16265.04,2021-03-01,61.0,70.93,Channel Partners,3,Canada,R,Rapsa Ballz
TVG-21-R, High ,1177.0,10.0,350.0,411950.0,57673.0,354277.0,306020.0,48257.0,2020-11-01,11.71,13.62,Government,21,United States of America,R,Rapsa Ballz
TVG-6-R, High ,1922.0,10.0,350.0,672700.0,94178.0,578522.0,499720.0,78802.0,2021-03-01,11.71,13.62,Government,6,France,R,Rapsa Ballz
PTE-13-B, High ,1575.0,120.0,125.0,196875.0,27562.5,169312.5,189000.0,,2020-02-01,,,Enterprise,13,Mexico,B,Basket Ballz
TVG-21-B, High ,606.0,120.0,20.0,12120.0,1696.8,10423.2,6060.0,4363.2,2020-04-01,36.0,41.86,Government,21,United States of America,B,Basket Ballz
SBS-21-B, High ,2460.0,120.0,300.0,738000.0,103320.0,634680.0,615000.0,19680.0,2020-07-01,2.67,3.1,Small Business,21,United States of America,B,Basket Ballz
SBS-3-B, High ,269.0,120.0,300.0,80700.0,11298.0,69402.0,67250.0,2152.0,2021-02-01,2.67,3.1,Small Business,3,Canada,B,Basket Ballz
SBS-7-B, High ,2536.0,120.0,300.0,760800.0,106512.0,654288.0,634000.0,20288.0,2021-03-01,2.67,3.1,Small Business,7,Germany,B,Basket Ballz
TVG-13-E, High ,2903.0,250.0,7.0,20321.0,2844.94,17476.06,14515.0,2961.06,2020-03-01,14.57,16.94,Government,13,Mexico,E,Meat Ballz
SBS-21-E, High ,2541.0,250.0,300.0,762300.0,106722.0,655578.0,635250.0,20328.0,2020-08-01,2.67,3.1,Small Business,21,United States of America,E,Meat Ballz
SBS-3-E, High ,269.0,250.0,300.0,80700.0,11298.0,69402.0,67250.0,2152.0,2021-02-01,2.67,3.1,Small Business,3,Canada,E,Meat Ballz
SBS-3-E, High ,1496.0,250.0,300.0,448800.0,62832.0,385968.0,374000.0,11968.0,2020-10-01,2.67,3.1,Small Business,3,Canada,E,Meat Ballz
SBS-21-E, High ,1010.0,250.0,300.0,303000.0,42420.0,260580.0,252500.0,8080.0,2020-10-01,2.67,3.1,Small Business,21,United States of America,E,Meat Ballz
TVG-6-E, High ,1281.0,250.0,350.0,448350.0,62769.0,385581.0,333060.0,52521.0,2021-04-01,11.71,13.62,Government,6,France,E,Meat Ballz
SBS-3-C, High ,888.0,260.0,300.0,266400.0,37296.0,229104.0,222000.0,7104.0,2020-03-01,2.67,3.1,Small Business,3,Canada,C,Cotton Ballz
PTE-21-C, High ,2844.0,260.0,125.0,355500.0,49770.0,305730.0,341280.0,,2020-05-01,,,Enterprise,21,United States of America,C,Cotton Ballz
PHC-6-C, High ,2475.0,260.0,12.0,29700.0,4158.0,25542.0,7425.0,18117.0,2020-08-01,61.0,70.93,Channel Partners,6,France,C,Cotton Ballz
TMM-3-C, High ,1743.0,260.0,15.0,26145.0,3660.3,22484.7,17430.0,5054.7,2021-02-01,19.33,22.48,Midmarket,3,Canada,C,Cotton Ballz
PHC-21-C, High ,2914.0,260.0,12.0,34968.0,4895.52,30072.48,8742.0,21330.48,2020-10-01,61.0,70.93,Channel Partners,21,United States of America,C,Cotton Ballz
TVG-6-C, High ,1731.0,260.0,7.0,12117.0,1696.38,10420.62,8655.0,1765.62,2020-10-01,14.57,16.94,Government,6,France,C,Cotton Ballz
TVG-13-C, High ,1727.0,260.0,7.0,12089.0,1692.46,10396.54,8635.0,1761.54,2021-02-01,14.57,16.94,Government,13,Mexico,C,Cotton Ballz
TMM-13-C, High ,1870.0,260.0,15.0,28050.0,3927.0,24123.0,18700.0,5423.0,2021-03-01,19.33,22.48,Midmarket,13,Mexico,C,Cotton Ballz
PTE-6-V, High ,1174.0,3.0,125.0,146750.0,22012.5,124737.5,140880.0,,2020-08-01,,,Enterprise,6,France,V,Volley Ballz
PTE-7-V, High ,2767.0,3.0,125.0,345875.0,51881.25,293993.75,332040.0,,2020-08-01,,,Enterprise,7,Germany,V,Volley Ballz
PTE-7-V, High ,1085.0,3.0,125.0,135625.0,20343.75,115281.25,130200.0,,2020-10-01,,,Enterprise,7,Germany,V,Volley Ballz
SBS-13-O, High ,546.0,5.0,300.0,163800.0,24570.0,139230.0,136500.0,2730.0,2020-10-01,1.67,1.96,Small Business,13,Mexico,O,Moth Ballz
TVG-7-R, High ,1158.0,10.0,20.0,23160.0,3474.0,19686.0,11580.0,8106.0,2020-03-01,35.0,41.18,Government,7,Germany,R,Rapsa Ballz
TMM-3-R, High ,1614.0,10.0,15.0,24210.0,3631.5,20578.5,16140.0,4438.5,2020-04-01,18.33,21.57,Midmarket,3,Canada,R,Rapsa Ballz
TVG-13-R, High ,2535.0,10.0,7.0,17745.0,2661.75,15083.25,12675.0,2408.25,2020-04-01,13.57,15.97,Government,13,Mexico,R,Rapsa Ballz
TVG-13-R, High ,2851.0,10.0,350.0,997850.0,149677.5,848172.5,741260.0,106912.5,2020-05-01,10.71,12.61,Government,13,Mexico,R,Rapsa Ballz
TMM-3-R, High ,2559.0,10.0,15.0,38385.0,5757.75,32627.25,25590.0,7037.25,2020-08-01,18.33,21.57,Midmarket,3,Canada,R,Rapsa Ballz
TVG-21-R, High ,267.0,10.0,20.0,5340.0,801.0,4539.0,2670.0,1869.0,2021-02-01,35.0,41.18,Government,21,United States of America,R,Rapsa Ballz
PTE-7-R, High ,1085.0,10.0,125.0,135625.0,20343.75,115281.25,130200.0,,2020-10-01,,,Enterprise,7,Germany,R,Rapsa Ballz
TMM-7-R, High ,1175.0,10.0,15.0,17625.0,2643.75,14981.25,11750.0,3231.25,2020-10-01,18.33,21.57,Midmarket,7,Germany,R,Rapsa Ballz
TVG-21-R, High ,2007.0,10.0,350.0,702450.0,105367.5,597082.5,521820.0,75262.5,2021-03-01,10.71,12.61,Government,21,United States of America,R,Rapsa Ballz
TVG-13-R, High ,2151.0,10.0,350.0,752850.0,112927.5,639922.5,559260.0,80662.5,2021-03-01,10.71,12.61,Government,13,Mexico,R,Rapsa Ballz
PHC-21-R, High ,914.0,10.0,12.0,10968.0,1645.2,9322.8,2742.0,6580.8,2020-12-01,60.0,70.59,Channel Partners,21,United States of America,R,Rapsa Ballz
TVG-6-R, High ,293.0,10.0,20.0,5860.0,879.0,4981.0,2930.0,2051.0,2020-12-01,35.0,41.18,Government,6,France,R,Rapsa Ballz
PHC-13-B, High ,500.0,120.0,12.0,6000.0,900.0,5100.0,1500.0,3600.0,2020-03-01,60.0,70.59,Channel Partners,13,Mexico,B,Basket Ballz
TMM-6-B, High ,2826.0,120.0,15.0,42390.0,6358.5,36031.5,28260.0,7771.5,2020-05-01,18.33,21.57,Midmarket,6,France,B,Basket Ballz
PTE-6-B, High ,663.0,120.0,125.0,82875.0,12431.25,70443.75,79560.0,,2020-09-01,,,Enterprise,6,France,B,Basket Ballz
SBS-21-B, High ,2574.0,120.0,300.0,772200.0,115830.0,656370.0,643500.0,12870.0,2021-03-01,1.67,1.96,Small Business,21,United States of America,B,Basket Ballz
PTE-21-B, High ,2438.0,120.0,125.0,304750.0,45712.5,259037.5,292560.0,,2021-04-01,,,Enterprise,21,United States of America,B,Basket Ballz
PHC-21-B, High ,914.0,120.0,12.0,10968.0,1645.2,9322.8,2742.0,6580.8,2020-12-01,60.0,70.59,Channel Partners,21,United States of America,B,Basket Ballz
TVG-3-E, High ,865.5,250.0,20.0,17310.0,2596.5,14713.5,8655.0,6058.5,2020-07-01,35.0,41.18,Government,3,Canada,E,Meat Ballz
TMM-7-E, High ,492.0,250.0,15.0,7380.0,1107.0,6273.0,4920.0,1353.0,2020-07-01,18.33,21.57,Midmarket,7,Germany,E,Meat Ballz
TVG-21-E, High ,267.0,250.0,20.0,5340.0,801.0,4539.0,2670.0,1869.0,2021-02-01,35.0,41.18,Government,21,United States of America,E,Meat Ballz
TMM-7-E, High ,1175.0,250.0,15.0,17625.0,2643.75,14981.25,11750.0,3231.25,2020-10-01,18.33,21.57,Midmarket,7,Germany,E,Meat Ballz
PTE-3-E, High ,2954.0,250.0,125.0,369250.0,55387.5,313862.5,354480.0,,2021-03-01,,,Enterprise,3,Canada,E,Meat Ballz
PTE-7-E, High ,552.0,250.0,125.0,69000.0,10350.0,58650.0,66240.0,,2020-11-01,,,Enterprise,7,Germany,E,Meat Ballz
TVG-6-E, High ,293.0,250.0,20.0,5860.0,879.0,4981.0,2930.0,2051.0,2020-12-01,35.0,41.18,Government,6,France,E,Meat Ballz
SBS-6-C, High ,2475.0,260.0,300.0,742500.0,111375.0,631125.0,618750.0,12375.0,2020-03-01,1.67,1.96,Small Business,6,France,C,Cotton Ballz
SBS-13-C, High ,546.0,260.0,300.0,163800.0,24570.0,139230.0,136500.0,2730.0,2020-10-01,1.67,1.96,Small Business,13,Mexico,C,Cotton Ballz
TVG-13-O, High ,1368.0,5.0,7.0,9576.0,1436.4,8139.6,6840.0,1299.6,2020-02-01,13.57,15.97,Government,13,Mexico,O,Moth Ballz
TVG-3-R, High ,723.0,10.0,7.0,5061.0,759.15,4301.85,3615.0,686.85,2020-04-01,13.57,15.97,Government,3,Canada,R,Rapsa Ballz
PHC-21-E, High ,1806.0,250.0,12.0,21672.0,3250.8,18421.2,5418.0,13003.2,2020-05-01,60.0,70.59,Channel Partners,21,United States of America,E,Meat Ballz
